#
# TABLE STRUCTURE FOR: comments
#

DROP TABLE IF EXISTS `comments`;

CREATE TABLE `comments` (
  `id` bigint(20) unsigned NOT NULL AUTO_INCREMENT,
  `user_id` bigint(20) unsigned NOT NULL,
  `post_id` bigint(20) unsigned NOT NULL,
  `body` text COLLATE utf8_unicode_ci DEFAULT NULL,
  `created_at` datetime DEFAULT current_timestamp(),
  `updated_at` datetime DEFAULT current_timestamp() ON UPDATE current_timestamp(),
  PRIMARY KEY (`id`),
  KEY `user_id` (`user_id`),
  KEY `post_id` (`post_id`),
  CONSTRAINT `comments_ibfk_1` FOREIGN KEY (`user_id`) REFERENCES `users` (`id`),
  CONSTRAINT `comments_ibfk_2` FOREIGN KEY (`post_id`) REFERENCES `posts` (`id`)
) ENGINE=InnoDB AUTO_INCREMENT=101 DEFAULT CHARSET=utf8 COLLATE=utf8_unicode_ci;

INSERT INTO `comments` (`id`, `user_id`, `post_id`, `body`, `created_at`, `updated_at`) VALUES ('1', '86', '66', 'Praesentium aliquam omnis repellat qui sit. Minima rerum et harum repudiandae omnis accusantium sint suscipit. Sunt porro aspernatur rerum.', '2020-09-05 10:45:45', '1975-09-20 18:01:12');
INSERT INTO `comments` (`id`, `user_id`, `post_id`, `body`, `created_at`, `updated_at`) VALUES ('2', '30', '2', 'Necessitatibus et aliquid voluptatem ipsam aut et. Officiis voluptatem aut deserunt voluptas consequuntur vel ullam nemo. Fuga ipsam officiis consequuntur. Asperiores quis et excepturi dolorem.', '1992-09-22 06:11:05', '1972-09-20 06:20:27');
INSERT INTO `comments` (`id`, `user_id`, `post_id`, `body`, `created_at`, `updated_at`) VALUES ('3', '34', '25', 'Veniam porro sint inventore illum nihil. Quidem voluptas quia ipsam quia sed.', '1987-03-18 03:06:57', '1970-09-30 19:33:37');
INSERT INTO `comments` (`id`, `user_id`, `post_id`, `body`, `created_at`, `updated_at`) VALUES ('4', '31', '44', 'Amet magnam unde consequatur quos. Commodi sed quis consequatur nisi praesentium. Ipsum a ut est aliquid. Minima suscipit id quia libero enim quia placeat deleniti.', '1993-12-23 18:54:08', '1981-10-07 03:30:50');
INSERT INTO `comments` (`id`, `user_id`, `post_id`, `body`, `created_at`, `updated_at`) VALUES ('5', '12', '100', 'Officiis animi earum et dolore fugiat. Qui assumenda alias sunt consequatur. Officia quia incidunt dolorum. Sed similique dolor libero illo ut nemo fugiat. Consequatur rem nam magni at repellendus suscipit esse aut.', '2016-02-29 00:16:56', '1984-05-30 04:31:48');
INSERT INTO `comments` (`id`, `user_id`, `post_id`, `body`, `created_at`, `updated_at`) VALUES ('6', '4', '65', 'Consectetur doloremque iusto est rerum sed fuga. Fugit autem cum facilis. Minima quam consequatur eos est architecto cum. Quia qui laborum eius id ut voluptatem vitae.', '1993-12-22 18:42:52', '1979-12-31 14:44:34');
INSERT INTO `comments` (`id`, `user_id`, `post_id`, `body`, `created_at`, `updated_at`) VALUES ('7', '29', '91', 'Vel nobis illo sunt magni. Perferendis quo hic quas quia perspiciatis optio voluptatibus. Et magnam ad eaque sint aliquid eligendi dolorem. Quo sint dolorum soluta officiis quidem doloribus.', '2007-11-06 08:32:05', '1991-12-18 00:28:06');
INSERT INTO `comments` (`id`, `user_id`, `post_id`, `body`, `created_at`, `updated_at`) VALUES ('8', '95', '95', 'Omnis dolorem beatae laboriosam ratione eius. At molestiae est vitae vitae. Optio quod eveniet numquam impedit vel. Rem deleniti quae saepe facilis possimus. Corporis fuga sint porro est corporis molestias reprehenderit.', '2009-10-29 10:25:28', '2001-06-26 14:31:02');
INSERT INTO `comments` (`id`, `user_id`, `post_id`, `body`, `created_at`, `updated_at`) VALUES ('9', '96', '3', 'Ut eaque occaecati dolor voluptas quidem vel quia. Quia voluptatem nihil enim.', '1990-12-23 05:37:44', '2007-04-04 01:16:54');
INSERT INTO `comments` (`id`, `user_id`, `post_id`, `body`, `created_at`, `updated_at`) VALUES ('10', '90', '11', 'Voluptatibus enim velit minus. Et fugit sed qui reiciendis at sint. Et aliquam iure voluptatem exercitationem eius rem. Perspiciatis pariatur quia eveniet dolore laboriosam repellendus nihil.', '1985-02-01 07:19:11', '2008-01-26 13:09:54');
INSERT INTO `comments` (`id`, `user_id`, `post_id`, `body`, `created_at`, `updated_at`) VALUES ('11', '26', '29', 'Asperiores nostrum quo quibusdam nobis sed harum. Vel sit soluta dolor.', '2009-01-20 01:28:35', '2018-09-13 21:47:23');
INSERT INTO `comments` (`id`, `user_id`, `post_id`, `body`, `created_at`, `updated_at`) VALUES ('12', '65', '16', 'Et eligendi eos qui sunt quia dolor magni. Dolore perferendis tempore sed. Soluta animi quibusdam suscipit.', '1990-02-07 05:57:17', '2012-06-10 10:00:15');
INSERT INTO `comments` (`id`, `user_id`, `post_id`, `body`, `created_at`, `updated_at`) VALUES ('13', '13', '88', 'Sapiente optio minus praesentium. Perspiciatis omnis voluptatem perspiciatis voluptate ipsa. Laborum totam iure autem rem. Aliquam culpa libero iste aut.', '2002-10-09 04:26:17', '1972-03-14 02:14:16');
INSERT INTO `comments` (`id`, `user_id`, `post_id`, `body`, `created_at`, `updated_at`) VALUES ('14', '18', '77', 'Molestias sunt eaque qui maiores fugiat. Eos consectetur molestiae qui dolorum odit qui nihil. Nemo voluptas impedit corrupti sint necessitatibus delectus veniam et. Eveniet sequi tempore quibusdam temporibus non provident alias.', '1970-01-03 00:29:13', '2014-10-07 03:16:51');
INSERT INTO `comments` (`id`, `user_id`, `post_id`, `body`, `created_at`, `updated_at`) VALUES ('15', '50', '90', 'Sed iste in non commodi vel excepturi repellendus. Rerum recusandae suscipit aut ut. Est eos est eum esse. Molestiae modi dicta optio.', '1993-11-02 12:52:03', '2012-01-22 13:59:23');
INSERT INTO `comments` (`id`, `user_id`, `post_id`, `body`, `created_at`, `updated_at`) VALUES ('16', '9', '35', 'Magnam sit vel officiis perferendis excepturi aut. Est aspernatur repudiandae sint perspiciatis voluptas hic pariatur libero. Recusandae doloribus aliquam error inventore quo nostrum quasi. Dolorem vitae et qui aut.', '1989-04-03 03:05:28', '1991-09-14 14:49:59');
INSERT INTO `comments` (`id`, `user_id`, `post_id`, `body`, `created_at`, `updated_at`) VALUES ('17', '56', '39', 'Non velit quasi molestiae minus. Possimus esse ipsa veritatis facilis quaerat. Omnis ut voluptatum repudiandae ipsum et.', '2014-07-05 07:52:54', '1972-02-03 10:07:38');
INSERT INTO `comments` (`id`, `user_id`, `post_id`, `body`, `created_at`, `updated_at`) VALUES ('18', '37', '90', 'Quos et veritatis dolorem adipisci voluptas. Magnam dolorem temporibus vel rerum.', '2011-06-24 08:30:46', '2008-04-28 17:39:08');
INSERT INTO `comments` (`id`, `user_id`, `post_id`, `body`, `created_at`, `updated_at`) VALUES ('19', '64', '68', 'Possimus velit omnis voluptas facere distinctio quo est. Et ducimus neque ut sequi earum. In voluptatibus quisquam est repudiandae.', '1995-12-02 20:56:23', '1973-02-08 11:29:48');
INSERT INTO `comments` (`id`, `user_id`, `post_id`, `body`, `created_at`, `updated_at`) VALUES ('20', '33', '75', 'Dignissimos quaerat exercitationem consequatur at optio. Ut nisi nihil delectus sint facilis. Et non numquam est voluptatem ut voluptatem tempore. Iure nulla quaerat est labore.', '1998-09-08 05:35:46', '1972-02-08 05:27:04');
INSERT INTO `comments` (`id`, `user_id`, `post_id`, `body`, `created_at`, `updated_at`) VALUES ('21', '67', '37', 'Numquam minima necessitatibus labore alias. Voluptates eos officia ullam expedita enim dolor accusamus. Dolores sunt dolorum iure necessitatibus ab culpa. Eum doloribus reprehenderit perspiciatis quo.', '1994-05-16 16:19:07', '1999-12-12 20:10:45');
INSERT INTO `comments` (`id`, `user_id`, `post_id`, `body`, `created_at`, `updated_at`) VALUES ('22', '40', '96', 'Odit corporis similique quos quas tempore odit sit fugiat. Corrupti earum et enim mollitia. Nostrum ut accusantium est cum perferendis. Omnis et cupiditate distinctio veritatis in.', '2005-04-01 02:04:45', '1995-05-03 07:17:27');
INSERT INTO `comments` (`id`, `user_id`, `post_id`, `body`, `created_at`, `updated_at`) VALUES ('23', '27', '34', 'Alias nobis et optio commodi. Natus natus quasi delectus ab impedit ut provident.', '2007-04-05 16:29:59', '2008-10-10 22:37:27');
INSERT INTO `comments` (`id`, `user_id`, `post_id`, `body`, `created_at`, `updated_at`) VALUES ('24', '91', '23', 'Commodi ratione quia harum. Voluptatem illum quasi quia molestias et sequi minima architecto. Praesentium nisi autem fuga rem in fuga vitae. Voluptate sint qui laboriosam in dolore ducimus.', '1988-05-06 19:57:47', '1976-01-02 18:34:12');
INSERT INTO `comments` (`id`, `user_id`, `post_id`, `body`, `created_at`, `updated_at`) VALUES ('25', '37', '80', 'Unde in nihil et officia dignissimos. At quam aut quo laboriosam harum exercitationem. Amet blanditiis eum nesciunt tempore. Molestiae facere voluptatum nostrum.', '2002-12-09 16:38:47', '1992-06-10 17:34:10');
INSERT INTO `comments` (`id`, `user_id`, `post_id`, `body`, `created_at`, `updated_at`) VALUES ('26', '33', '63', 'Quidem fugit quo repudiandae velit. Sapiente velit esse eveniet laboriosam. Vel inventore a quia facere.', '1984-01-01 09:40:27', '1993-06-06 23:29:35');
INSERT INTO `comments` (`id`, `user_id`, `post_id`, `body`, `created_at`, `updated_at`) VALUES ('27', '9', '98', 'Quo enim incidunt quam. Quia nobis qui dolor ab et ad. Occaecati optio ut illum et nisi optio. Ut magnam accusamus rerum.', '2000-07-18 15:45:52', '2019-07-28 10:45:29');
INSERT INTO `comments` (`id`, `user_id`, `post_id`, `body`, `created_at`, `updated_at`) VALUES ('28', '78', '22', 'Amet itaque possimus sit aut eaque. Nobis voluptatem accusamus iste. Qui et dolor numquam iste. Cumque beatae voluptates quidem.', '2004-04-11 04:54:22', '1990-07-27 20:55:21');
INSERT INTO `comments` (`id`, `user_id`, `post_id`, `body`, `created_at`, `updated_at`) VALUES ('29', '85', '95', 'Voluptas totam fugit adipisci eos laborum quaerat deleniti. Totam error repellendus ab consequatur quas.', '1975-03-27 07:46:47', '2012-02-27 07:29:51');
INSERT INTO `comments` (`id`, `user_id`, `post_id`, `body`, `created_at`, `updated_at`) VALUES ('30', '98', '35', 'Veritatis odio rerum sit voluptatum dolores voluptatem. Enim ipsum sunt nam culpa ea consequuntur. Et qui aut iusto qui.', '2014-09-30 07:46:49', '2013-06-15 03:59:14');
INSERT INTO `comments` (`id`, `user_id`, `post_id`, `body`, `created_at`, `updated_at`) VALUES ('31', '85', '6', 'Molestias voluptatem in enim id. Enim ea exercitationem nihil. Beatae harum nisi iste ipsam.', '1999-03-29 00:47:51', '2002-11-20 07:01:42');
INSERT INTO `comments` (`id`, `user_id`, `post_id`, `body`, `created_at`, `updated_at`) VALUES ('32', '70', '40', 'Odit doloribus quia aut deserunt excepturi hic perferendis. Nam consequatur assumenda eum molestiae. Eum odio est praesentium cum voluptatem amet impedit in.', '2012-07-18 08:06:25', '1989-03-21 08:13:39');
INSERT INTO `comments` (`id`, `user_id`, `post_id`, `body`, `created_at`, `updated_at`) VALUES ('33', '45', '7', 'Dolore facere est iure ducimus. Illum consequatur modi tenetur accusamus molestiae quo. Temporibus fugiat qui voluptatem facilis perspiciatis aut. Sit repellat vel sunt sit architecto et consequatur.', '2005-09-04 22:48:34', '1986-09-07 14:28:50');
INSERT INTO `comments` (`id`, `user_id`, `post_id`, `body`, `created_at`, `updated_at`) VALUES ('34', '30', '8', 'Fuga molestiae debitis aut sit. Qui qui nisi impedit eum excepturi. Praesentium aut qui eos.', '1998-07-12 13:08:12', '1978-10-30 22:48:56');
INSERT INTO `comments` (`id`, `user_id`, `post_id`, `body`, `created_at`, `updated_at`) VALUES ('35', '74', '62', 'Aut excepturi aperiam inventore sequi laborum at. Non quia nobis nisi esse ratione facere ut. Voluptate vel hic nostrum voluptatum iusto nisi.', '1978-08-16 04:38:45', '2018-02-06 17:01:20');
INSERT INTO `comments` (`id`, `user_id`, `post_id`, `body`, `created_at`, `updated_at`) VALUES ('36', '83', '41', 'Et minima eveniet et iste ipsa vitae et totam. Dolor natus esse dolorem excepturi fugit voluptate. Dolorem veniam omnis nostrum fugit ut quia quibusdam.', '1984-03-15 07:15:38', '1976-08-21 01:06:48');
INSERT INTO `comments` (`id`, `user_id`, `post_id`, `body`, `created_at`, `updated_at`) VALUES ('37', '99', '22', 'Asperiores corrupti et et qui consequuntur sint laboriosam. Id omnis cum accusamus consequatur voluptatem provident omnis. Corporis qui tempore dolorem consequatur autem officia consequuntur. Ea illum voluptatem et magnam qui.', '2014-05-12 06:33:48', '1990-09-25 00:38:23');
INSERT INTO `comments` (`id`, `user_id`, `post_id`, `body`, `created_at`, `updated_at`) VALUES ('38', '36', '25', 'Iure voluptates saepe non. Cupiditate consectetur molestias earum quia ex magni laudantium. Culpa dicta qui id ratione debitis consequatur. Aut molestiae minima possimus sunt rerum est alias.', '1973-09-09 16:45:21', '1991-11-18 06:42:00');
INSERT INTO `comments` (`id`, `user_id`, `post_id`, `body`, `created_at`, `updated_at`) VALUES ('39', '56', '26', 'Dicta mollitia consequatur et qui impedit aliquam. Quos ut dignissimos rerum quod quaerat repellendus. At rerum eius consequatur animi quis. Ut molestiae quos quia sequi molestias dicta.', '1998-09-21 12:16:46', '2012-04-27 20:48:39');
INSERT INTO `comments` (`id`, `user_id`, `post_id`, `body`, `created_at`, `updated_at`) VALUES ('40', '48', '93', 'Id nam non harum atque eum voluptatem. Excepturi voluptatem esse magni est eos. Nihil at quaerat est delectus est modi voluptatem ipsam. Id eligendi vitae aut quas dolorem beatae.', '2008-01-10 04:41:47', '1999-08-12 12:53:01');
INSERT INTO `comments` (`id`, `user_id`, `post_id`, `body`, `created_at`, `updated_at`) VALUES ('41', '5', '80', 'Accusantium animi omnis non voluptate in. Enim quos eos facere cupiditate. Non dolores molestiae est neque perferendis.', '1990-03-08 05:51:19', '1998-08-11 04:47:51');
INSERT INTO `comments` (`id`, `user_id`, `post_id`, `body`, `created_at`, `updated_at`) VALUES ('42', '55', '13', 'Qui reiciendis mollitia et. Molestiae dolor nemo similique pariatur aut impedit autem delectus. Quaerat laborum blanditiis ex quidem quas repellendus. Repellendus odio autem sint repellat numquam.', '1995-11-29 06:08:10', '2005-05-20 02:23:10');
INSERT INTO `comments` (`id`, `user_id`, `post_id`, `body`, `created_at`, `updated_at`) VALUES ('43', '77', '32', 'Quasi ut aspernatur voluptatibus et nobis minus et aut. Praesentium nobis maxime distinctio dolorum. Earum laboriosam qui et dolorem enim corrupti ut rerum. Ea aut inventore velit dolorum. Est aliquid magni recusandae laudantium.', '1972-07-31 10:48:44', '1987-03-25 08:17:25');
INSERT INTO `comments` (`id`, `user_id`, `post_id`, `body`, `created_at`, `updated_at`) VALUES ('44', '34', '62', 'Ex distinctio et ea sit vel molestiae. Quos animi est corrupti. Doloribus eum sequi qui quis esse quam eum.', '1985-06-05 21:51:21', '1986-06-09 22:25:46');
INSERT INTO `comments` (`id`, `user_id`, `post_id`, `body`, `created_at`, `updated_at`) VALUES ('45', '27', '32', 'Consequuntur rerum atque quis rerum omnis perferendis neque. Eius nulla est enim accusamus. Quos totam aut earum ea at ipsam ipsam sunt. Omnis deleniti dolorem ipsa et.', '1992-07-17 01:18:00', '2016-08-03 14:07:48');
INSERT INTO `comments` (`id`, `user_id`, `post_id`, `body`, `created_at`, `updated_at`) VALUES ('46', '97', '12', 'Animi asperiores incidunt explicabo optio et fuga. Quibusdam nisi aut et et. Sit id aut ipsa rerum vitae voluptate. Vitae occaecati amet quaerat est. Enim totam aut sint accusamus repellat modi voluptatem a.', '1970-04-02 14:40:11', '2014-07-17 23:18:52');
INSERT INTO `comments` (`id`, `user_id`, `post_id`, `body`, `created_at`, `updated_at`) VALUES ('47', '38', '66', 'Voluptate assumenda animi ut dolor eum consequatur ab hic. Harum blanditiis numquam qui et molestiae. Tempore adipisci porro et sint.', '1993-08-02 13:00:37', '1970-09-09 18:27:15');
INSERT INTO `comments` (`id`, `user_id`, `post_id`, `body`, `created_at`, `updated_at`) VALUES ('48', '52', '82', 'Non officia facere at et. Et sed repellendus culpa laudantium ea. Qui quia ut eveniet et cumque praesentium. Facere quisquam tenetur sed voluptas.', '1979-08-11 11:25:30', '2000-08-20 11:36:15');
INSERT INTO `comments` (`id`, `user_id`, `post_id`, `body`, `created_at`, `updated_at`) VALUES ('49', '72', '81', 'Tempore consequatur earum id debitis consequatur. Consequatur est facere quaerat aperiam cupiditate dignissimos beatae dolorem. Rerum illo enim iure.', '2016-08-18 07:53:49', '2020-05-21 05:28:28');
INSERT INTO `comments` (`id`, `user_id`, `post_id`, `body`, `created_at`, `updated_at`) VALUES ('50', '90', '45', 'Est excepturi cupiditate beatae explicabo sed repellendus cumque non. Id provident iste velit est ut. Dolor facere sint eum perferendis ullam aut.', '1995-10-25 03:24:13', '2010-12-19 05:26:10');
INSERT INTO `comments` (`id`, `user_id`, `post_id`, `body`, `created_at`, `updated_at`) VALUES ('51', '43', '72', 'Similique ullam iste nostrum harum neque tempore enim. In in atque ducimus et nam. Voluptates aut quisquam aspernatur repellat sapiente.', '2014-01-07 11:44:15', '1988-10-04 14:53:51');
INSERT INTO `comments` (`id`, `user_id`, `post_id`, `body`, `created_at`, `updated_at`) VALUES ('52', '85', '41', 'Dolores vel sunt itaque expedita. Sequi et non quod temporibus sunt. Perferendis temporibus blanditiis molestias ex aut.', '2009-12-10 19:56:23', '1982-08-20 10:33:33');
INSERT INTO `comments` (`id`, `user_id`, `post_id`, `body`, `created_at`, `updated_at`) VALUES ('53', '94', '20', 'Temporibus doloribus voluptas molestiae enim aperiam. Doloribus incidunt suscipit facere sit. Aut necessitatibus laudantium quia consequatur et sit. Minima rerum veniam voluptas deserunt nulla sunt.', '1981-11-15 16:22:06', '2002-07-27 09:09:21');
INSERT INTO `comments` (`id`, `user_id`, `post_id`, `body`, `created_at`, `updated_at`) VALUES ('54', '66', '49', 'Ex et qui qui eum rerum eius totam nesciunt. Rerum provident impedit illum tenetur quod inventore vel. Quidem voluptatum aspernatur quia non. Quod enim excepturi ipsam velit provident.', '2009-12-09 21:53:50', '1993-08-15 01:53:32');
INSERT INTO `comments` (`id`, `user_id`, `post_id`, `body`, `created_at`, `updated_at`) VALUES ('55', '45', '13', 'Corrupti maxime incidunt quas id dolores illo. Hic doloremque eos magnam ipsum iure et possimus voluptate. Sunt et laudantium possimus rerum aperiam dolorem est.', '2003-10-06 16:26:27', '1971-05-05 08:47:09');
INSERT INTO `comments` (`id`, `user_id`, `post_id`, `body`, `created_at`, `updated_at`) VALUES ('56', '42', '50', 'Id mollitia aperiam commodi magni. Similique quia amet nisi possimus nulla voluptatibus. Quis est quas rerum aut dolorum corrupti quia. Fugit ipsam aut optio velit ipsa ipsa eligendi. Delectus porro ex aut eos ut voluptatem.', '2013-04-19 20:50:25', '2016-11-14 14:10:29');
INSERT INTO `comments` (`id`, `user_id`, `post_id`, `body`, `created_at`, `updated_at`) VALUES ('57', '93', '96', 'Harum labore saepe eligendi earum non et qui ut. Magnam eaque unde molestiae. Praesentium voluptas et quibusdam voluptatem esse. Sit aliquam ea aliquid et.', '2004-06-07 05:51:44', '1983-08-12 17:36:02');
INSERT INTO `comments` (`id`, `user_id`, `post_id`, `body`, `created_at`, `updated_at`) VALUES ('58', '63', '70', 'Consequatur ea fuga aut voluptatem sit. Quia reprehenderit nobis veritatis molestiae id. Velit sed voluptate vel eius ipsa ad quod.', '2009-09-21 11:08:00', '1995-05-04 00:38:27');
INSERT INTO `comments` (`id`, `user_id`, `post_id`, `body`, `created_at`, `updated_at`) VALUES ('59', '28', '97', 'Itaque magni quo sequi quos qui in. Qui consequuntur qui et qui doloremque et non. Quisquam tenetur necessitatibus animi quibusdam est rem ea.', '2009-08-14 16:42:25', '2000-08-12 11:34:49');
INSERT INTO `comments` (`id`, `user_id`, `post_id`, `body`, `created_at`, `updated_at`) VALUES ('60', '31', '55', 'Qui error vel in qui. Quia debitis ea deleniti. Beatae omnis sit earum voluptatibus unde.', '1997-02-25 17:16:46', '2005-11-06 05:57:21');
INSERT INTO `comments` (`id`, `user_id`, `post_id`, `body`, `created_at`, `updated_at`) VALUES ('61', '28', '27', 'Eaque vel eligendi rem vel quibusdam cumque. Officia nulla et facilis ut eaque. Laborum et et itaque modi aut minus doloribus perspiciatis. In neque necessitatibus eveniet voluptatem quidem.', '2000-04-21 07:19:25', '1985-05-20 19:54:41');
INSERT INTO `comments` (`id`, `user_id`, `post_id`, `body`, `created_at`, `updated_at`) VALUES ('62', '66', '65', 'Modi accusamus alias voluptatem repellat repellendus. Similique voluptates unde eum est mollitia ea quod. Fugit et in qui maxime qui.', '2013-03-10 09:53:35', '1996-06-17 20:15:30');
INSERT INTO `comments` (`id`, `user_id`, `post_id`, `body`, `created_at`, `updated_at`) VALUES ('63', '93', '17', 'Architecto fugit ab vitae voluptatibus non. Dolor quo impedit voluptatem accusamus omnis consequatur sunt. Ut alias laborum possimus dicta vero. Ut recusandae eaque excepturi alias.', '2003-09-05 00:23:40', '1987-12-04 13:31:29');
INSERT INTO `comments` (`id`, `user_id`, `post_id`, `body`, `created_at`, `updated_at`) VALUES ('64', '47', '64', 'Ipsam adipisci porro neque quae. Deserunt delectus possimus error debitis. Doloribus excepturi sit consectetur qui qui.', '2014-05-26 19:33:24', '2006-02-14 14:46:47');
INSERT INTO `comments` (`id`, `user_id`, `post_id`, `body`, `created_at`, `updated_at`) VALUES ('65', '98', '36', 'Maxime illo amet vel libero rerum autem cupiditate incidunt. Voluptatibus autem officiis sit libero ad voluptatem qui omnis. Enim totam non ipsa assumenda maxime. Sit fugit iste ut aut quia quis veritatis laboriosam.', '2004-09-07 08:49:21', '1972-12-23 05:36:45');
INSERT INTO `comments` (`id`, `user_id`, `post_id`, `body`, `created_at`, `updated_at`) VALUES ('66', '9', '40', 'Veritatis rerum quis id deleniti minus neque delectus. Quasi ut quidem accusamus quo doloremque. Et animi id recusandae consequuntur distinctio.', '1982-07-29 21:42:02', '1980-06-03 07:18:48');
INSERT INTO `comments` (`id`, `user_id`, `post_id`, `body`, `created_at`, `updated_at`) VALUES ('67', '8', '93', 'Est consequatur dolorum dolores laborum rerum eaque optio. Consequatur nihil qui aspernatur. Non atque impedit quia accusantium.', '1991-01-06 03:40:30', '1979-02-08 16:20:29');
INSERT INTO `comments` (`id`, `user_id`, `post_id`, `body`, `created_at`, `updated_at`) VALUES ('68', '80', '1', 'Assumenda incidunt ducimus quibusdam voluptas voluptatem quod earum. Repudiandae minima quo voluptatem odio ut dolor. Id in in non hic veniam dolor. Quia et autem quibusdam at culpa earum quam. Nam temporibus voluptatibus exercitationem voluptatum aut voluptatum repellendus aspernatur.', '2014-06-28 09:03:05', '1980-07-17 14:56:19');
INSERT INTO `comments` (`id`, `user_id`, `post_id`, `body`, `created_at`, `updated_at`) VALUES ('69', '13', '45', 'Quidem qui et non velit modi inventore autem aliquam. Est sit ut id non aut ad. Nostrum occaecati aut debitis blanditiis at. Consectetur harum nisi non provident temporibus.', '2002-03-25 16:24:08', '1995-04-18 21:50:26');
INSERT INTO `comments` (`id`, `user_id`, `post_id`, `body`, `created_at`, `updated_at`) VALUES ('70', '50', '58', 'In vel qui est modi facilis maxime. Sed beatae veritatis veritatis ipsam delectus ut illum. At tempora id distinctio reiciendis autem. Non sed aliquid praesentium dignissimos non nihil sunt. Omnis nulla fugiat ipsam.', '2019-01-31 07:25:29', '2014-02-25 05:58:13');
INSERT INTO `comments` (`id`, `user_id`, `post_id`, `body`, `created_at`, `updated_at`) VALUES ('71', '57', '91', 'Qui dolor voluptatem quaerat et. Excepturi sint repudiandae molestiae dolor veniam numquam. Dignissimos voluptatibus dolores vitae nobis tenetur molestiae numquam.', '2001-01-05 04:57:07', '2018-02-22 13:09:45');
INSERT INTO `comments` (`id`, `user_id`, `post_id`, `body`, `created_at`, `updated_at`) VALUES ('72', '8', '50', 'Dolor sed quisquam ex et earum et. Molestiae animi quis magnam voluptatum vel eius.', '1989-08-21 15:03:59', '2008-02-29 03:24:41');
INSERT INTO `comments` (`id`, `user_id`, `post_id`, `body`, `created_at`, `updated_at`) VALUES ('73', '87', '70', 'Rerum ad fuga impedit ipsum eligendi dolores atque quisquam. Mollitia saepe dolor omnis non. Distinctio itaque aspernatur praesentium commodi provident.', '2018-01-17 19:44:06', '2001-03-15 04:33:27');
INSERT INTO `comments` (`id`, `user_id`, `post_id`, `body`, `created_at`, `updated_at`) VALUES ('74', '19', '15', 'Delectus voluptatibus molestiae excepturi beatae veritatis accusamus asperiores. Delectus eum esse et inventore voluptatem commodi. Quia provident aliquid accusantium reiciendis quo pariatur quis soluta. Eum unde qui est vel incidunt.', '1977-07-27 03:18:30', '1973-01-09 05:47:13');
INSERT INTO `comments` (`id`, `user_id`, `post_id`, `body`, `created_at`, `updated_at`) VALUES ('75', '66', '49', 'Quasi minima iste porro voluptatem. Velit vitae voluptates esse et iste quis laboriosam ut. Omnis hic fuga atque itaque vero consectetur.', '1976-04-13 04:41:01', '2004-11-12 01:16:57');
INSERT INTO `comments` (`id`, `user_id`, `post_id`, `body`, `created_at`, `updated_at`) VALUES ('76', '69', '94', 'Explicabo molestiae laboriosam reprehenderit eaque qui quis eveniet. Et consectetur provident et exercitationem delectus. Sunt ut ad impedit modi eos a. Ut velit illo aut delectus sed ullam. Provident nihil praesentium iste optio aut suscipit incidunt nostrum.', '2005-04-13 01:30:52', '2020-01-20 21:23:34');
INSERT INTO `comments` (`id`, `user_id`, `post_id`, `body`, `created_at`, `updated_at`) VALUES ('77', '76', '35', 'Qui et sunt suscipit dolore. Animi ut aut voluptas et delectus ea. Consequuntur aut est et delectus voluptatem dolor repellendus. Et blanditiis quia impedit sapiente sed qui.', '1976-07-09 14:59:44', '1989-02-21 04:44:50');
INSERT INTO `comments` (`id`, `user_id`, `post_id`, `body`, `created_at`, `updated_at`) VALUES ('78', '58', '68', 'Esse error officiis tenetur odit. Culpa corrupti quisquam necessitatibus culpa aut dolores vel. Voluptate totam laudantium debitis.', '1971-02-24 12:42:07', '1979-05-03 17:48:02');
INSERT INTO `comments` (`id`, `user_id`, `post_id`, `body`, `created_at`, `updated_at`) VALUES ('79', '51', '5', 'Incidunt voluptatum harum excepturi porro est at. Deserunt sint amet adipisci quaerat minima doloremque enim. Nam eos magnam accusantium illo et recusandae. Voluptatibus voluptas consequuntur molestiae iusto sit.', '1973-03-27 16:15:58', '1998-08-22 04:26:23');
INSERT INTO `comments` (`id`, `user_id`, `post_id`, `body`, `created_at`, `updated_at`) VALUES ('80', '32', '49', 'Expedita eius nihil ullam. Ut non et veritatis voluptas iure qui. Delectus magni ut culpa ad aut et.', '1985-09-01 19:54:04', '1994-01-02 08:53:12');
INSERT INTO `comments` (`id`, `user_id`, `post_id`, `body`, `created_at`, `updated_at`) VALUES ('81', '40', '40', 'Consectetur rerum rerum dolorem voluptates. Sed impedit et et. Vel eius perspiciatis reiciendis sequi consequatur est quaerat. Velit id expedita fuga rerum possimus et.', '1986-06-23 10:47:30', '1976-12-03 18:58:38');
INSERT INTO `comments` (`id`, `user_id`, `post_id`, `body`, `created_at`, `updated_at`) VALUES ('82', '88', '47', 'Mollitia eius quaerat nobis est deleniti et. Cum quae optio error nesciunt fugit. Officiis aliquid voluptatem repudiandae voluptatem voluptatem. Soluta asperiores officiis odit vel fugiat cupiditate. Et commodi et aut aut ipsum consequatur excepturi non.', '1994-09-14 02:25:44', '1986-09-24 12:59:07');
INSERT INTO `comments` (`id`, `user_id`, `post_id`, `body`, `created_at`, `updated_at`) VALUES ('83', '33', '67', 'Quia cumque est expedita quibusdam et. Reprehenderit veritatis animi esse nemo et sed omnis laudantium. Non asperiores quia odio qui id aliquam maiores. Molestiae est et totam ducimus eveniet quasi.', '1979-11-19 19:30:49', '1970-10-24 09:38:14');
INSERT INTO `comments` (`id`, `user_id`, `post_id`, `body`, `created_at`, `updated_at`) VALUES ('84', '47', '45', 'Magni ad qui ducimus rem perferendis. Doloremque cum et nobis ex eius illum. Fugit dolor unde et neque exercitationem. Distinctio id rerum sequi vero explicabo est.', '1988-02-03 21:11:33', '1999-09-20 01:52:05');
INSERT INTO `comments` (`id`, `user_id`, `post_id`, `body`, `created_at`, `updated_at`) VALUES ('85', '12', '97', 'Similique pariatur illo modi. A facilis repellendus aut voluptatem ducimus. Sapiente nemo ea dolor debitis perferendis sint quia. Autem perspiciatis enim labore ut ducimus.', '2006-05-29 15:01:49', '1991-06-17 21:30:29');
INSERT INTO `comments` (`id`, `user_id`, `post_id`, `body`, `created_at`, `updated_at`) VALUES ('86', '3', '69', 'Delectus libero ut aspernatur accusantium eveniet quia. Tempora aut molestiae eos totam necessitatibus. Quibusdam veritatis porro ut architecto sed qui neque quo. Quia quia a dolorum est dolores vero quae fugiat.', '1972-05-27 22:44:52', '2005-04-16 03:16:55');
INSERT INTO `comments` (`id`, `user_id`, `post_id`, `body`, `created_at`, `updated_at`) VALUES ('87', '87', '10', 'Corporis sapiente officiis voluptates sint voluptate modi facere. Quidem animi est dolores repellat rerum commodi. Et officia earum atque vero dolores hic est. Et eos dolores expedita atque nesciunt.', '2005-10-10 06:38:27', '2002-11-22 06:02:46');
INSERT INTO `comments` (`id`, `user_id`, `post_id`, `body`, `created_at`, `updated_at`) VALUES ('88', '18', '74', 'Dolores veniam id ut. Fugit voluptatem qui beatae dolorem vel minus assumenda. Exercitationem fugiat qui sed consectetur sint deleniti incidunt laudantium. Quibusdam non vitae sit ullam.', '1999-09-04 01:26:19', '1977-03-22 13:07:31');
INSERT INTO `comments` (`id`, `user_id`, `post_id`, `body`, `created_at`, `updated_at`) VALUES ('89', '80', '36', 'Ut earum sunt voluptatem commodi quidem enim consequatur et. Similique ut rerum quibusdam qui aut. Nihil sit ea sunt hic eum sint qui. Laborum qui reiciendis sit ipsam eum qui porro distinctio.', '1974-04-27 13:45:59', '1972-06-10 19:55:24');
INSERT INTO `comments` (`id`, `user_id`, `post_id`, `body`, `created_at`, `updated_at`) VALUES ('90', '88', '45', 'Eveniet voluptas officiis fugiat vitae labore laborum voluptate. Quod nulla sed voluptas et eum voluptas distinctio. Eos in corrupti est provident. Nisi assumenda qui facilis. Corrupti illo nemo voluptatum.', '2004-05-12 19:01:25', '1976-03-10 10:22:48');
INSERT INTO `comments` (`id`, `user_id`, `post_id`, `body`, `created_at`, `updated_at`) VALUES ('91', '85', '57', 'Amet ipsam explicabo dolores est eum veniam et corporis. Voluptate est debitis sed qui vitae saepe in. Et perferendis id at qui. Aut voluptate porro animi deserunt qui.', '1998-07-04 22:04:51', '1993-08-16 12:35:31');
INSERT INTO `comments` (`id`, `user_id`, `post_id`, `body`, `created_at`, `updated_at`) VALUES ('92', '38', '61', 'Fugiat at ut velit. Omnis veniam exercitationem eius occaecati ut. Debitis rerum sunt iure eos. Libero voluptate quos laboriosam cupiditate quia eos.', '1977-02-21 04:11:30', '2005-10-03 11:46:48');
INSERT INTO `comments` (`id`, `user_id`, `post_id`, `body`, `created_at`, `updated_at`) VALUES ('93', '91', '96', 'In quisquam voluptatem exercitationem quia rerum. Labore dolor animi adipisci. Dolorem voluptatum enim impedit quo corporis sapiente. Facere qui expedita magni eaque.', '1983-09-03 23:26:08', '2002-01-11 01:03:11');
INSERT INTO `comments` (`id`, `user_id`, `post_id`, `body`, `created_at`, `updated_at`) VALUES ('94', '28', '42', 'Dolor et totam ullam. Ut laborum beatae consequatur et quos labore. Iusto est nostrum accusamus cumque et.', '1981-07-17 11:37:03', '1977-07-13 07:36:48');
INSERT INTO `comments` (`id`, `user_id`, `post_id`, `body`, `created_at`, `updated_at`) VALUES ('95', '100', '60', 'Similique ab temporibus veritatis et quia. Non ducimus ut non consequatur et molestiae saepe. Eos cupiditate officia nisi ad. Temporibus quibusdam ratione id.', '2003-11-27 15:48:15', '2000-08-03 19:00:37');
INSERT INTO `comments` (`id`, `user_id`, `post_id`, `body`, `created_at`, `updated_at`) VALUES ('96', '90', '40', 'Molestiae voluptatum voluptates ex impedit. Est ab eum exercitationem cum minus expedita. Quisquam voluptates nesciunt dolorum adipisci quo perferendis harum.', '1986-03-12 20:11:48', '2006-07-29 06:13:05');
INSERT INTO `comments` (`id`, `user_id`, `post_id`, `body`, `created_at`, `updated_at`) VALUES ('97', '99', '77', 'Quaerat explicabo debitis temporibus a fuga numquam voluptate. Blanditiis rem eum recusandae et reiciendis dolores. Eum quia quam dolorem dolorum impedit debitis a aut.', '1973-10-28 07:25:16', '1985-02-05 00:04:28');
INSERT INTO `comments` (`id`, `user_id`, `post_id`, `body`, `created_at`, `updated_at`) VALUES ('98', '86', '31', 'Molestias quia aliquam vero fuga ea impedit. Ea reprehenderit veniam quod sit possimus ut rerum. Qui omnis impedit deserunt tempora sunt officiis.', '1986-08-20 00:20:29', '1995-10-28 11:49:47');
INSERT INTO `comments` (`id`, `user_id`, `post_id`, `body`, `created_at`, `updated_at`) VALUES ('99', '44', '33', 'Explicabo quidem facilis porro rerum rerum ut. Et nemo voluptas voluptate nisi. Impedit sapiente autem quod aspernatur. Dolorum laboriosam est nisi. Dicta ut tempora quis voluptatem.', '2006-08-16 13:28:33', '2004-03-09 17:34:30');
INSERT INTO `comments` (`id`, `user_id`, `post_id`, `body`, `created_at`, `updated_at`) VALUES ('100', '76', '55', 'Necessitatibus inventore optio voluptatem vero vel. Deserunt doloremque facere tempora aspernatur. Id doloribus omnis eaque error ipsam. Voluptas harum sit voluptatem consequatur aperiam. Molestias unde rerum minus hic est eius voluptas et.', '1997-10-08 06:18:27', '1977-05-27 16:21:48');


#
# TABLE STRUCTURE FOR: communities
#

DROP TABLE IF EXISTS `communities`;

CREATE TABLE `communities` (
  `id` bigint(20) unsigned NOT NULL AUTO_INCREMENT,
  `name` varchar(150) COLLATE utf8_unicode_ci DEFAULT NULL,
  PRIMARY KEY (`id`),
  KEY `communities_name_inx` (`name`)
) ENGINE=InnoDB AUTO_INCREMENT=21 DEFAULT CHARSET=utf8 COLLATE=utf8_unicode_ci;

INSERT INTO `communities` (`id`, `name`) VALUES ('5', 'adipisci');
INSERT INTO `communities` (`id`, `name`) VALUES ('10', 'amet');
INSERT INTO `communities` (`id`, `name`) VALUES ('12', 'animi');
INSERT INTO `communities` (`id`, `name`) VALUES ('4', 'asperiores');
INSERT INTO `communities` (`id`, `name`) VALUES ('11', 'cumque');
INSERT INTO `communities` (`id`, `name`) VALUES ('6', 'dicta');
INSERT INTO `communities` (`id`, `name`) VALUES ('9', 'dolores');
INSERT INTO `communities` (`id`, `name`) VALUES ('16', 'ea');
INSERT INTO `communities` (`id`, `name`) VALUES ('7', 'enim');
INSERT INTO `communities` (`id`, `name`) VALUES ('2', 'et');
INSERT INTO `communities` (`id`, `name`) VALUES ('19', 'et');
INSERT INTO `communities` (`id`, `name`) VALUES ('15', 'iusto');
INSERT INTO `communities` (`id`, `name`) VALUES ('13', 'non');
INSERT INTO `communities` (`id`, `name`) VALUES ('18', 'quam');
INSERT INTO `communities` (`id`, `name`) VALUES ('8', 'saepe');
INSERT INTO `communities` (`id`, `name`) VALUES ('1', 'soluta');
INSERT INTO `communities` (`id`, `name`) VALUES ('3', 'voluptatem');
INSERT INTO `communities` (`id`, `name`) VALUES ('14', 'voluptatem');
INSERT INTO `communities` (`id`, `name`) VALUES ('20', 'voluptatem');
INSERT INTO `communities` (`id`, `name`) VALUES ('17', 'voluptatibus');


#
# TABLE STRUCTURE FOR: friend_requests
#

DROP TABLE IF EXISTS `friend_requests`;

CREATE TABLE `friend_requests` (
  `initiator_user_id` bigint(20) unsigned NOT NULL,
  `target_user_id` bigint(20) unsigned NOT NULL,
  `status` enum('requested','approved','unfriended','declined') COLLATE utf8_unicode_ci DEFAULT 'requested',
  `requested_at` datetime DEFAULT current_timestamp(),
  `confirmed_at` datetime DEFAULT current_timestamp() ON UPDATE current_timestamp(),
  PRIMARY KEY (`initiator_user_id`,`target_user_id`),
  KEY `target_user_id` (`target_user_id`),
  KEY `initiator_user_id` (`initiator_user_id`),
  CONSTRAINT `friend_requests_ibfk_1` FOREIGN KEY (`initiator_user_id`) REFERENCES `users` (`id`),
  CONSTRAINT `friend_requests_ibfk_2` FOREIGN KEY (`target_user_id`) REFERENCES `users` (`id`)
) ENGINE=InnoDB DEFAULT CHARSET=utf8 COLLATE=utf8_unicode_ci;

INSERT INTO `friend_requests` (`initiator_user_id`, `target_user_id`, `status`, `requested_at`, `confirmed_at`) VALUES ('1', '42', 'requested', '1982-01-08 13:13:30', '2003-12-29 20:22:04');
INSERT INTO `friend_requests` (`initiator_user_id`, `target_user_id`, `status`, `requested_at`, `confirmed_at`) VALUES ('2', '41', 'unfriended', '2008-11-21 09:56:36', '2005-09-21 01:50:24');
INSERT INTO `friend_requests` (`initiator_user_id`, `target_user_id`, `status`, `requested_at`, `confirmed_at`) VALUES ('4', '20', 'unfriended', '1988-09-15 03:15:46', '2012-02-08 07:11:14');
INSERT INTO `friend_requests` (`initiator_user_id`, `target_user_id`, `status`, `requested_at`, `confirmed_at`) VALUES ('6', '61', 'approved', '1996-02-23 05:36:38', '2002-03-21 05:53:13');
INSERT INTO `friend_requests` (`initiator_user_id`, `target_user_id`, `status`, `requested_at`, `confirmed_at`) VALUES ('7', '14', 'requested', '1971-04-07 16:55:59', '2011-07-24 10:14:19');
INSERT INTO `friend_requests` (`initiator_user_id`, `target_user_id`, `status`, `requested_at`, `confirmed_at`) VALUES ('9', '49', 'declined', '1983-08-03 18:10:35', '1991-02-16 12:20:10');
INSERT INTO `friend_requests` (`initiator_user_id`, `target_user_id`, `status`, `requested_at`, `confirmed_at`) VALUES ('10', '60', 'approved', '1995-07-03 13:35:27', '1974-03-03 17:19:16');
INSERT INTO `friend_requests` (`initiator_user_id`, `target_user_id`, `status`, `requested_at`, `confirmed_at`) VALUES ('12', '36', 'approved', '2010-05-05 06:14:16', '2004-08-18 22:49:10');
INSERT INTO `friend_requests` (`initiator_user_id`, `target_user_id`, `status`, `requested_at`, `confirmed_at`) VALUES ('12', '88', 'requested', '2007-10-20 03:19:03', '2013-05-06 17:36:54');
INSERT INTO `friend_requests` (`initiator_user_id`, `target_user_id`, `status`, `requested_at`, `confirmed_at`) VALUES ('13', '22', 'approved', '2013-09-18 07:44:23', '2014-11-11 23:16:29');
INSERT INTO `friend_requests` (`initiator_user_id`, `target_user_id`, `status`, `requested_at`, `confirmed_at`) VALUES ('16', '40', 'approved', '2011-03-21 22:17:35', '1976-07-02 15:42:31');
INSERT INTO `friend_requests` (`initiator_user_id`, `target_user_id`, `status`, `requested_at`, `confirmed_at`) VALUES ('16', '46', 'unfriended', '2014-05-20 03:18:13', '1998-05-02 11:24:26');
INSERT INTO `friend_requests` (`initiator_user_id`, `target_user_id`, `status`, `requested_at`, `confirmed_at`) VALUES ('16', '66', 'unfriended', '2009-02-03 08:02:43', '1992-04-16 04:33:18');
INSERT INTO `friend_requests` (`initiator_user_id`, `target_user_id`, `status`, `requested_at`, `confirmed_at`) VALUES ('17', '20', 'approved', '1981-05-31 20:49:31', '1980-02-23 07:33:22');
INSERT INTO `friend_requests` (`initiator_user_id`, `target_user_id`, `status`, `requested_at`, `confirmed_at`) VALUES ('17', '87', 'declined', '2011-10-04 18:17:52', '1990-04-07 06:11:58');
INSERT INTO `friend_requests` (`initiator_user_id`, `target_user_id`, `status`, `requested_at`, `confirmed_at`) VALUES ('18', '68', 'unfriended', '2010-02-11 11:49:21', '2013-05-24 20:35:26');
INSERT INTO `friend_requests` (`initiator_user_id`, `target_user_id`, `status`, `requested_at`, `confirmed_at`) VALUES ('19', '45', 'unfriended', '1992-05-30 11:58:22', '1998-03-31 13:37:54');
INSERT INTO `friend_requests` (`initiator_user_id`, `target_user_id`, `status`, `requested_at`, `confirmed_at`) VALUES ('19', '73', 'declined', '1986-08-10 08:00:06', '1981-05-19 20:43:01');
INSERT INTO `friend_requests` (`initiator_user_id`, `target_user_id`, `status`, `requested_at`, `confirmed_at`) VALUES ('22', '83', 'approved', '2011-07-24 00:55:32', '1995-02-15 02:34:25');
INSERT INTO `friend_requests` (`initiator_user_id`, `target_user_id`, `status`, `requested_at`, `confirmed_at`) VALUES ('23', '12', 'unfriended', '1983-08-13 03:56:20', '2003-09-28 22:52:16');
INSERT INTO `friend_requests` (`initiator_user_id`, `target_user_id`, `status`, `requested_at`, `confirmed_at`) VALUES ('23', '21', 'approved', '2004-06-07 03:48:34', '2005-01-24 23:10:52');
INSERT INTO `friend_requests` (`initiator_user_id`, `target_user_id`, `status`, `requested_at`, `confirmed_at`) VALUES ('23', '67', 'requested', '1988-01-14 18:32:45', '1997-08-07 17:14:57');
INSERT INTO `friend_requests` (`initiator_user_id`, `target_user_id`, `status`, `requested_at`, `confirmed_at`) VALUES ('23', '93', 'requested', '2006-07-16 19:24:37', '1976-01-19 16:47:34');
INSERT INTO `friend_requests` (`initiator_user_id`, `target_user_id`, `status`, `requested_at`, `confirmed_at`) VALUES ('24', '45', 'approved', '2004-01-28 17:15:52', '1973-08-14 21:25:41');
INSERT INTO `friend_requests` (`initiator_user_id`, `target_user_id`, `status`, `requested_at`, `confirmed_at`) VALUES ('24', '97', 'declined', '1996-03-20 12:29:18', '2019-01-17 13:01:18');
INSERT INTO `friend_requests` (`initiator_user_id`, `target_user_id`, `status`, `requested_at`, `confirmed_at`) VALUES ('25', '62', 'declined', '1972-04-13 21:27:56', '1997-08-12 22:56:22');
INSERT INTO `friend_requests` (`initiator_user_id`, `target_user_id`, `status`, `requested_at`, `confirmed_at`) VALUES ('25', '76', 'requested', '1978-05-27 19:45:26', '2003-05-26 15:40:53');
INSERT INTO `friend_requests` (`initiator_user_id`, `target_user_id`, `status`, `requested_at`, `confirmed_at`) VALUES ('26', '65', 'requested', '2004-07-18 21:46:28', '1986-05-08 22:18:56');
INSERT INTO `friend_requests` (`initiator_user_id`, `target_user_id`, `status`, `requested_at`, `confirmed_at`) VALUES ('28', '67', 'declined', '1998-01-08 07:13:57', '1998-07-09 14:17:15');
INSERT INTO `friend_requests` (`initiator_user_id`, `target_user_id`, `status`, `requested_at`, `confirmed_at`) VALUES ('29', '4', 'unfriended', '1972-06-01 00:45:22', '1986-04-17 04:45:18');
INSERT INTO `friend_requests` (`initiator_user_id`, `target_user_id`, `status`, `requested_at`, `confirmed_at`) VALUES ('29', '14', 'declined', '2006-03-08 05:17:44', '1971-10-28 10:14:12');
INSERT INTO `friend_requests` (`initiator_user_id`, `target_user_id`, `status`, `requested_at`, `confirmed_at`) VALUES ('31', '52', 'declined', '2017-09-29 11:02:12', '2020-03-15 18:14:14');
INSERT INTO `friend_requests` (`initiator_user_id`, `target_user_id`, `status`, `requested_at`, `confirmed_at`) VALUES ('31', '53', 'unfriended', '1973-08-18 06:24:14', '1973-12-26 02:38:33');
INSERT INTO `friend_requests` (`initiator_user_id`, `target_user_id`, `status`, `requested_at`, `confirmed_at`) VALUES ('31', '55', 'declined', '1998-12-11 19:55:29', '2017-04-19 01:53:09');
INSERT INTO `friend_requests` (`initiator_user_id`, `target_user_id`, `status`, `requested_at`, `confirmed_at`) VALUES ('32', '16', 'declined', '1996-12-19 12:45:29', '1971-08-09 19:17:58');
INSERT INTO `friend_requests` (`initiator_user_id`, `target_user_id`, `status`, `requested_at`, `confirmed_at`) VALUES ('37', '13', 'requested', '1996-06-17 04:57:12', '1999-10-10 19:56:31');
INSERT INTO `friend_requests` (`initiator_user_id`, `target_user_id`, `status`, `requested_at`, `confirmed_at`) VALUES ('37', '19', 'requested', '1977-03-13 07:13:42', '1974-03-24 16:40:29');
INSERT INTO `friend_requests` (`initiator_user_id`, `target_user_id`, `status`, `requested_at`, `confirmed_at`) VALUES ('37', '47', 'declined', '1972-03-30 10:02:44', '2008-03-08 14:05:57');
INSERT INTO `friend_requests` (`initiator_user_id`, `target_user_id`, `status`, `requested_at`, `confirmed_at`) VALUES ('37', '48', 'unfriended', '1978-06-03 22:08:24', '2019-07-22 21:21:04');
INSERT INTO `friend_requests` (`initiator_user_id`, `target_user_id`, `status`, `requested_at`, `confirmed_at`) VALUES ('39', '69', 'requested', '2003-07-08 04:56:17', '2017-05-10 00:15:33');
INSERT INTO `friend_requests` (`initiator_user_id`, `target_user_id`, `status`, `requested_at`, `confirmed_at`) VALUES ('39', '76', 'approved', '1995-04-30 21:48:43', '1994-08-21 20:34:56');
INSERT INTO `friend_requests` (`initiator_user_id`, `target_user_id`, `status`, `requested_at`, `confirmed_at`) VALUES ('39', '85', 'declined', '1974-06-03 08:22:38', '1985-08-16 11:10:17');
INSERT INTO `friend_requests` (`initiator_user_id`, `target_user_id`, `status`, `requested_at`, `confirmed_at`) VALUES ('40', '42', 'requested', '1990-09-14 04:57:01', '1993-01-24 02:58:35');
INSERT INTO `friend_requests` (`initiator_user_id`, `target_user_id`, `status`, `requested_at`, `confirmed_at`) VALUES ('41', '5', 'declined', '1994-08-18 21:38:30', '2002-07-14 00:05:28');
INSERT INTO `friend_requests` (`initiator_user_id`, `target_user_id`, `status`, `requested_at`, `confirmed_at`) VALUES ('41', '11', 'declined', '2006-11-05 02:31:27', '2007-11-03 18:57:28');
INSERT INTO `friend_requests` (`initiator_user_id`, `target_user_id`, `status`, `requested_at`, `confirmed_at`) VALUES ('43', '5', 'unfriended', '1971-07-01 21:06:40', '2006-06-19 20:01:59');
INSERT INTO `friend_requests` (`initiator_user_id`, `target_user_id`, `status`, `requested_at`, `confirmed_at`) VALUES ('44', '90', 'approved', '2003-06-03 06:48:50', '1989-10-18 16:53:41');
INSERT INTO `friend_requests` (`initiator_user_id`, `target_user_id`, `status`, `requested_at`, `confirmed_at`) VALUES ('45', '73', 'declined', '1982-09-24 22:33:17', '1998-09-28 02:27:50');
INSERT INTO `friend_requests` (`initiator_user_id`, `target_user_id`, `status`, `requested_at`, `confirmed_at`) VALUES ('45', '85', 'unfriended', '2018-11-17 07:54:41', '1975-03-17 17:24:12');
INSERT INTO `friend_requests` (`initiator_user_id`, `target_user_id`, `status`, `requested_at`, `confirmed_at`) VALUES ('46', '91', 'approved', '1975-08-11 05:38:28', '1989-10-06 22:08:49');
INSERT INTO `friend_requests` (`initiator_user_id`, `target_user_id`, `status`, `requested_at`, `confirmed_at`) VALUES ('47', '6', 'unfriended', '1981-02-26 15:59:15', '2008-04-11 22:39:35');
INSERT INTO `friend_requests` (`initiator_user_id`, `target_user_id`, `status`, `requested_at`, `confirmed_at`) VALUES ('48', '43', 'declined', '2009-06-26 01:55:19', '2016-12-11 12:31:14');
INSERT INTO `friend_requests` (`initiator_user_id`, `target_user_id`, `status`, `requested_at`, `confirmed_at`) VALUES ('49', '41', 'unfriended', '2019-05-26 14:34:30', '2017-07-23 15:44:29');
INSERT INTO `friend_requests` (`initiator_user_id`, `target_user_id`, `status`, `requested_at`, `confirmed_at`) VALUES ('50', '56', 'unfriended', '2013-05-27 16:43:21', '2006-04-11 15:53:29');
INSERT INTO `friend_requests` (`initiator_user_id`, `target_user_id`, `status`, `requested_at`, `confirmed_at`) VALUES ('53', '18', 'requested', '1993-11-12 20:39:53', '2012-05-16 22:50:26');
INSERT INTO `friend_requests` (`initiator_user_id`, `target_user_id`, `status`, `requested_at`, `confirmed_at`) VALUES ('53', '40', 'requested', '1990-10-21 07:02:10', '1994-08-01 07:15:28');
INSERT INTO `friend_requests` (`initiator_user_id`, `target_user_id`, `status`, `requested_at`, `confirmed_at`) VALUES ('54', '50', 'declined', '1999-01-21 11:03:24', '1984-12-19 23:28:30');
INSERT INTO `friend_requests` (`initiator_user_id`, `target_user_id`, `status`, `requested_at`, `confirmed_at`) VALUES ('54', '89', 'unfriended', '1986-04-13 06:29:37', '1981-10-03 19:38:58');
INSERT INTO `friend_requests` (`initiator_user_id`, `target_user_id`, `status`, `requested_at`, `confirmed_at`) VALUES ('56', '49', 'requested', '1990-11-23 10:59:38', '2002-03-13 21:21:41');
INSERT INTO `friend_requests` (`initiator_user_id`, `target_user_id`, `status`, `requested_at`, `confirmed_at`) VALUES ('57', '67', 'unfriended', '1979-05-09 07:57:17', '1992-06-15 17:20:02');
INSERT INTO `friend_requests` (`initiator_user_id`, `target_user_id`, `status`, `requested_at`, `confirmed_at`) VALUES ('58', '29', 'approved', '2004-08-20 08:35:19', '2016-12-10 10:27:28');
INSERT INTO `friend_requests` (`initiator_user_id`, `target_user_id`, `status`, `requested_at`, `confirmed_at`) VALUES ('58', '100', 'requested', '1977-01-26 12:21:45', '2001-03-21 06:46:27');
INSERT INTO `friend_requests` (`initiator_user_id`, `target_user_id`, `status`, `requested_at`, `confirmed_at`) VALUES ('59', '5', 'declined', '2014-08-11 16:04:14', '1984-05-08 05:31:44');
INSERT INTO `friend_requests` (`initiator_user_id`, `target_user_id`, `status`, `requested_at`, `confirmed_at`) VALUES ('59', '63', 'requested', '2010-09-06 23:43:25', '2005-05-19 20:05:08');
INSERT INTO `friend_requests` (`initiator_user_id`, `target_user_id`, `status`, `requested_at`, `confirmed_at`) VALUES ('63', '19', 'declined', '1994-05-02 23:27:16', '2004-02-12 16:58:09');
INSERT INTO `friend_requests` (`initiator_user_id`, `target_user_id`, `status`, `requested_at`, `confirmed_at`) VALUES ('63', '56', 'unfriended', '2017-05-18 16:59:25', '2001-05-03 23:35:14');
INSERT INTO `friend_requests` (`initiator_user_id`, `target_user_id`, `status`, `requested_at`, `confirmed_at`) VALUES ('66', '11', 'requested', '1970-06-29 15:33:45', '1978-12-28 19:27:24');
INSERT INTO `friend_requests` (`initiator_user_id`, `target_user_id`, `status`, `requested_at`, `confirmed_at`) VALUES ('66', '72', 'unfriended', '2000-06-06 13:43:27', '1991-11-10 09:28:00');
INSERT INTO `friend_requests` (`initiator_user_id`, `target_user_id`, `status`, `requested_at`, `confirmed_at`) VALUES ('67', '24', 'declined', '1973-08-09 10:49:56', '2004-09-19 00:57:42');
INSERT INTO `friend_requests` (`initiator_user_id`, `target_user_id`, `status`, `requested_at`, `confirmed_at`) VALUES ('68', '1', 'approved', '1985-06-16 05:14:18', '1988-11-20 23:10:21');
INSERT INTO `friend_requests` (`initiator_user_id`, `target_user_id`, `status`, `requested_at`, `confirmed_at`) VALUES ('68', '20', 'unfriended', '1994-03-17 05:10:15', '1999-06-23 11:08:07');
INSERT INTO `friend_requests` (`initiator_user_id`, `target_user_id`, `status`, `requested_at`, `confirmed_at`) VALUES ('68', '52', 'unfriended', '2000-08-26 15:53:16', '2011-08-21 01:19:34');
INSERT INTO `friend_requests` (`initiator_user_id`, `target_user_id`, `status`, `requested_at`, `confirmed_at`) VALUES ('70', '49', 'declined', '2011-06-20 05:20:23', '1970-07-25 07:58:57');
INSERT INTO `friend_requests` (`initiator_user_id`, `target_user_id`, `status`, `requested_at`, `confirmed_at`) VALUES ('71', '8', 'approved', '1980-10-25 21:59:42', '2015-11-01 16:37:38');
INSERT INTO `friend_requests` (`initiator_user_id`, `target_user_id`, `status`, `requested_at`, `confirmed_at`) VALUES ('71', '79', 'declined', '1981-09-25 06:19:29', '1981-03-17 00:39:11');
INSERT INTO `friend_requests` (`initiator_user_id`, `target_user_id`, `status`, `requested_at`, `confirmed_at`) VALUES ('72', '13', 'requested', '1983-04-01 11:19:44', '1991-01-17 11:26:47');
INSERT INTO `friend_requests` (`initiator_user_id`, `target_user_id`, `status`, `requested_at`, `confirmed_at`) VALUES ('73', '25', 'unfriended', '1970-05-09 19:47:04', '1976-02-12 06:49:20');
INSERT INTO `friend_requests` (`initiator_user_id`, `target_user_id`, `status`, `requested_at`, `confirmed_at`) VALUES ('73', '40', 'unfriended', '2010-12-15 01:15:09', '1989-07-14 10:10:46');
INSERT INTO `friend_requests` (`initiator_user_id`, `target_user_id`, `status`, `requested_at`, `confirmed_at`) VALUES ('73', '68', 'declined', '1988-08-15 16:20:19', '1988-06-01 16:07:13');
INSERT INTO `friend_requests` (`initiator_user_id`, `target_user_id`, `status`, `requested_at`, `confirmed_at`) VALUES ('74', '11', 'unfriended', '1995-10-30 16:11:55', '2006-05-02 13:46:30');
INSERT INTO `friend_requests` (`initiator_user_id`, `target_user_id`, `status`, `requested_at`, `confirmed_at`) VALUES ('75', '55', 'declined', '1978-12-19 21:16:10', '1979-08-12 22:43:24');
INSERT INTO `friend_requests` (`initiator_user_id`, `target_user_id`, `status`, `requested_at`, `confirmed_at`) VALUES ('77', '72', 'declined', '1998-06-27 07:57:36', '1972-02-05 05:59:37');
INSERT INTO `friend_requests` (`initiator_user_id`, `target_user_id`, `status`, `requested_at`, `confirmed_at`) VALUES ('77', '80', 'declined', '1996-12-22 19:13:10', '1985-12-26 11:15:20');
INSERT INTO `friend_requests` (`initiator_user_id`, `target_user_id`, `status`, `requested_at`, `confirmed_at`) VALUES ('78', '36', 'approved', '1973-01-30 01:49:31', '2007-02-25 05:04:35');
INSERT INTO `friend_requests` (`initiator_user_id`, `target_user_id`, `status`, `requested_at`, `confirmed_at`) VALUES ('79', '81', 'unfriended', '1987-06-15 16:15:31', '1984-12-07 08:23:49');
INSERT INTO `friend_requests` (`initiator_user_id`, `target_user_id`, `status`, `requested_at`, `confirmed_at`) VALUES ('81', '35', 'requested', '1988-05-13 09:03:38', '2017-04-17 10:33:54');
INSERT INTO `friend_requests` (`initiator_user_id`, `target_user_id`, `status`, `requested_at`, `confirmed_at`) VALUES ('82', '88', 'declined', '1989-04-28 20:30:01', '1993-12-17 13:41:54');
INSERT INTO `friend_requests` (`initiator_user_id`, `target_user_id`, `status`, `requested_at`, `confirmed_at`) VALUES ('83', '50', 'requested', '1985-03-05 08:03:23', '1995-07-29 05:22:24');
INSERT INTO `friend_requests` (`initiator_user_id`, `target_user_id`, `status`, `requested_at`, `confirmed_at`) VALUES ('84', '34', 'requested', '1989-05-23 16:44:33', '2005-03-24 04:56:09');
INSERT INTO `friend_requests` (`initiator_user_id`, `target_user_id`, `status`, `requested_at`, `confirmed_at`) VALUES ('84', '48', 'approved', '1989-02-22 16:44:14', '2006-05-23 22:15:10');
INSERT INTO `friend_requests` (`initiator_user_id`, `target_user_id`, `status`, `requested_at`, `confirmed_at`) VALUES ('85', '90', 'declined', '1999-12-04 19:11:54', '2003-02-03 06:26:56');
INSERT INTO `friend_requests` (`initiator_user_id`, `target_user_id`, `status`, `requested_at`, `confirmed_at`) VALUES ('87', '43', 'approved', '1987-03-11 13:12:56', '2000-09-12 00:00:00');
INSERT INTO `friend_requests` (`initiator_user_id`, `target_user_id`, `status`, `requested_at`, `confirmed_at`) VALUES ('87', '99', 'unfriended', '2008-12-08 14:17:46', '1975-09-18 15:57:16');
INSERT INTO `friend_requests` (`initiator_user_id`, `target_user_id`, `status`, `requested_at`, `confirmed_at`) VALUES ('88', '49', 'declined', '2005-07-30 19:27:57', '2006-05-28 10:08:53');
INSERT INTO `friend_requests` (`initiator_user_id`, `target_user_id`, `status`, `requested_at`, `confirmed_at`) VALUES ('90', '19', 'approved', '2017-01-08 03:27:09', '1990-12-16 17:56:52');
INSERT INTO `friend_requests` (`initiator_user_id`, `target_user_id`, `status`, `requested_at`, `confirmed_at`) VALUES ('91', '40', 'unfriended', '1976-11-19 04:18:40', '2005-03-02 17:43:21');
INSERT INTO `friend_requests` (`initiator_user_id`, `target_user_id`, `status`, `requested_at`, `confirmed_at`) VALUES ('92', '74', 'approved', '1998-11-08 21:16:46', '2001-05-31 06:20:43');
INSERT INTO `friend_requests` (`initiator_user_id`, `target_user_id`, `status`, `requested_at`, `confirmed_at`) VALUES ('95', '29', 'approved', '2007-06-20 04:14:30', '2002-04-16 01:29:09');
INSERT INTO `friend_requests` (`initiator_user_id`, `target_user_id`, `status`, `requested_at`, `confirmed_at`) VALUES ('95', '76', 'requested', '2008-11-10 05:03:32', '1997-08-22 17:31:02');
INSERT INTO `friend_requests` (`initiator_user_id`, `target_user_id`, `status`, `requested_at`, `confirmed_at`) VALUES ('98', '47', 'unfriended', '2010-08-11 07:56:22', '1993-04-15 22:03:03');


#
# TABLE STRUCTURE FOR: like_photo
#

DROP TABLE IF EXISTS `like_photo`;

CREATE TABLE `like_photo` (
  `id` bigint(20) unsigned NOT NULL AUTO_INCREMENT,
  `user_id` bigint(20) unsigned NOT NULL,
  `photos_id` bigint(20) unsigned NOT NULL,
  `is_like` tinyint(1) DEFAULT 0,
  PRIMARY KEY (`id`),
  KEY `user_id` (`user_id`),
  KEY `photos_id` (`photos_id`),
  CONSTRAINT `like_photo_ibfk_1` FOREIGN KEY (`user_id`) REFERENCES `users` (`id`),
  CONSTRAINT `like_photo_ibfk_2` FOREIGN KEY (`photos_id`) REFERENCES `photos` (`id`)
) ENGINE=InnoDB AUTO_INCREMENT=101 DEFAULT CHARSET=utf8 COLLATE=utf8_unicode_ci;

INSERT INTO `like_photo` (`id`, `user_id`, `photos_id`, `is_like`) VALUES ('1', '49', '74', 1);
INSERT INTO `like_photo` (`id`, `user_id`, `photos_id`, `is_like`) VALUES ('2', '47', '59', 1);
INSERT INTO `like_photo` (`id`, `user_id`, `photos_id`, `is_like`) VALUES ('3', '81', '44', 1);
INSERT INTO `like_photo` (`id`, `user_id`, `photos_id`, `is_like`) VALUES ('4', '59', '49', 1);
INSERT INTO `like_photo` (`id`, `user_id`, `photos_id`, `is_like`) VALUES ('5', '14', '6', 0);
INSERT INTO `like_photo` (`id`, `user_id`, `photos_id`, `is_like`) VALUES ('6', '28', '95', 1);
INSERT INTO `like_photo` (`id`, `user_id`, `photos_id`, `is_like`) VALUES ('7', '6', '20', 1);
INSERT INTO `like_photo` (`id`, `user_id`, `photos_id`, `is_like`) VALUES ('8', '89', '78', 0);
INSERT INTO `like_photo` (`id`, `user_id`, `photos_id`, `is_like`) VALUES ('9', '20', '38', 0);
INSERT INTO `like_photo` (`id`, `user_id`, `photos_id`, `is_like`) VALUES ('10', '92', '4', 1);
INSERT INTO `like_photo` (`id`, `user_id`, `photos_id`, `is_like`) VALUES ('11', '100', '98', 1);
INSERT INTO `like_photo` (`id`, `user_id`, `photos_id`, `is_like`) VALUES ('12', '6', '14', 1);
INSERT INTO `like_photo` (`id`, `user_id`, `photos_id`, `is_like`) VALUES ('13', '25', '21', 0);
INSERT INTO `like_photo` (`id`, `user_id`, `photos_id`, `is_like`) VALUES ('14', '35', '10', 0);
INSERT INTO `like_photo` (`id`, `user_id`, `photos_id`, `is_like`) VALUES ('15', '59', '31', 0);
INSERT INTO `like_photo` (`id`, `user_id`, `photos_id`, `is_like`) VALUES ('16', '84', '8', 0);
INSERT INTO `like_photo` (`id`, `user_id`, `photos_id`, `is_like`) VALUES ('17', '5', '31', 1);
INSERT INTO `like_photo` (`id`, `user_id`, `photos_id`, `is_like`) VALUES ('18', '66', '85', 0);
INSERT INTO `like_photo` (`id`, `user_id`, `photos_id`, `is_like`) VALUES ('19', '74', '24', 1);
INSERT INTO `like_photo` (`id`, `user_id`, `photos_id`, `is_like`) VALUES ('20', '33', '88', 1);
INSERT INTO `like_photo` (`id`, `user_id`, `photos_id`, `is_like`) VALUES ('21', '30', '61', 0);
INSERT INTO `like_photo` (`id`, `user_id`, `photos_id`, `is_like`) VALUES ('22', '82', '35', 1);
INSERT INTO `like_photo` (`id`, `user_id`, `photos_id`, `is_like`) VALUES ('23', '80', '71', 0);
INSERT INTO `like_photo` (`id`, `user_id`, `photos_id`, `is_like`) VALUES ('24', '13', '100', 0);
INSERT INTO `like_photo` (`id`, `user_id`, `photos_id`, `is_like`) VALUES ('25', '8', '5', 1);
INSERT INTO `like_photo` (`id`, `user_id`, `photos_id`, `is_like`) VALUES ('26', '4', '8', 1);
INSERT INTO `like_photo` (`id`, `user_id`, `photos_id`, `is_like`) VALUES ('27', '2', '9', 0);
INSERT INTO `like_photo` (`id`, `user_id`, `photos_id`, `is_like`) VALUES ('28', '22', '27', 0);
INSERT INTO `like_photo` (`id`, `user_id`, `photos_id`, `is_like`) VALUES ('29', '30', '56', 1);
INSERT INTO `like_photo` (`id`, `user_id`, `photos_id`, `is_like`) VALUES ('30', '37', '88', 0);
INSERT INTO `like_photo` (`id`, `user_id`, `photos_id`, `is_like`) VALUES ('31', '87', '20', 0);
INSERT INTO `like_photo` (`id`, `user_id`, `photos_id`, `is_like`) VALUES ('32', '96', '91', 0);
INSERT INTO `like_photo` (`id`, `user_id`, `photos_id`, `is_like`) VALUES ('33', '50', '61', 0);
INSERT INTO `like_photo` (`id`, `user_id`, `photos_id`, `is_like`) VALUES ('34', '76', '23', 0);
INSERT INTO `like_photo` (`id`, `user_id`, `photos_id`, `is_like`) VALUES ('35', '85', '9', 0);
INSERT INTO `like_photo` (`id`, `user_id`, `photos_id`, `is_like`) VALUES ('36', '11', '14', 1);
INSERT INTO `like_photo` (`id`, `user_id`, `photos_id`, `is_like`) VALUES ('37', '69', '92', 0);
INSERT INTO `like_photo` (`id`, `user_id`, `photos_id`, `is_like`) VALUES ('38', '48', '49', 0);
INSERT INTO `like_photo` (`id`, `user_id`, `photos_id`, `is_like`) VALUES ('39', '62', '61', 1);
INSERT INTO `like_photo` (`id`, `user_id`, `photos_id`, `is_like`) VALUES ('40', '48', '70', 1);
INSERT INTO `like_photo` (`id`, `user_id`, `photos_id`, `is_like`) VALUES ('41', '65', '51', 1);
INSERT INTO `like_photo` (`id`, `user_id`, `photos_id`, `is_like`) VALUES ('42', '77', '67', 1);
INSERT INTO `like_photo` (`id`, `user_id`, `photos_id`, `is_like`) VALUES ('43', '60', '98', 1);
INSERT INTO `like_photo` (`id`, `user_id`, `photos_id`, `is_like`) VALUES ('44', '93', '89', 1);
INSERT INTO `like_photo` (`id`, `user_id`, `photos_id`, `is_like`) VALUES ('45', '54', '29', 0);
INSERT INTO `like_photo` (`id`, `user_id`, `photos_id`, `is_like`) VALUES ('46', '77', '40', 0);
INSERT INTO `like_photo` (`id`, `user_id`, `photos_id`, `is_like`) VALUES ('47', '49', '72', 1);
INSERT INTO `like_photo` (`id`, `user_id`, `photos_id`, `is_like`) VALUES ('48', '31', '98', 0);
INSERT INTO `like_photo` (`id`, `user_id`, `photos_id`, `is_like`) VALUES ('49', '32', '6', 1);
INSERT INTO `like_photo` (`id`, `user_id`, `photos_id`, `is_like`) VALUES ('50', '21', '16', 1);
INSERT INTO `like_photo` (`id`, `user_id`, `photos_id`, `is_like`) VALUES ('51', '14', '31', 1);
INSERT INTO `like_photo` (`id`, `user_id`, `photos_id`, `is_like`) VALUES ('52', '29', '82', 0);
INSERT INTO `like_photo` (`id`, `user_id`, `photos_id`, `is_like`) VALUES ('53', '23', '77', 0);
INSERT INTO `like_photo` (`id`, `user_id`, `photos_id`, `is_like`) VALUES ('54', '30', '85', 0);
INSERT INTO `like_photo` (`id`, `user_id`, `photos_id`, `is_like`) VALUES ('55', '38', '78', 1);
INSERT INTO `like_photo` (`id`, `user_id`, `photos_id`, `is_like`) VALUES ('56', '54', '3', 0);
INSERT INTO `like_photo` (`id`, `user_id`, `photos_id`, `is_like`) VALUES ('57', '29', '31', 1);
INSERT INTO `like_photo` (`id`, `user_id`, `photos_id`, `is_like`) VALUES ('58', '69', '88', 0);
INSERT INTO `like_photo` (`id`, `user_id`, `photos_id`, `is_like`) VALUES ('59', '28', '62', 1);
INSERT INTO `like_photo` (`id`, `user_id`, `photos_id`, `is_like`) VALUES ('60', '76', '82', 0);
INSERT INTO `like_photo` (`id`, `user_id`, `photos_id`, `is_like`) VALUES ('61', '91', '52', 1);
INSERT INTO `like_photo` (`id`, `user_id`, `photos_id`, `is_like`) VALUES ('62', '21', '39', 1);
INSERT INTO `like_photo` (`id`, `user_id`, `photos_id`, `is_like`) VALUES ('63', '23', '52', 0);
INSERT INTO `like_photo` (`id`, `user_id`, `photos_id`, `is_like`) VALUES ('64', '37', '55', 1);
INSERT INTO `like_photo` (`id`, `user_id`, `photos_id`, `is_like`) VALUES ('65', '57', '57', 1);
INSERT INTO `like_photo` (`id`, `user_id`, `photos_id`, `is_like`) VALUES ('66', '71', '71', 1);
INSERT INTO `like_photo` (`id`, `user_id`, `photos_id`, `is_like`) VALUES ('67', '88', '100', 0);
INSERT INTO `like_photo` (`id`, `user_id`, `photos_id`, `is_like`) VALUES ('68', '52', '10', 0);
INSERT INTO `like_photo` (`id`, `user_id`, `photos_id`, `is_like`) VALUES ('69', '76', '82', 1);
INSERT INTO `like_photo` (`id`, `user_id`, `photos_id`, `is_like`) VALUES ('70', '94', '14', 0);
INSERT INTO `like_photo` (`id`, `user_id`, `photos_id`, `is_like`) VALUES ('71', '60', '48', 0);
INSERT INTO `like_photo` (`id`, `user_id`, `photos_id`, `is_like`) VALUES ('72', '16', '88', 1);
INSERT INTO `like_photo` (`id`, `user_id`, `photos_id`, `is_like`) VALUES ('73', '78', '85', 0);
INSERT INTO `like_photo` (`id`, `user_id`, `photos_id`, `is_like`) VALUES ('74', '75', '6', 0);
INSERT INTO `like_photo` (`id`, `user_id`, `photos_id`, `is_like`) VALUES ('75', '46', '51', 0);
INSERT INTO `like_photo` (`id`, `user_id`, `photos_id`, `is_like`) VALUES ('76', '87', '37', 0);
INSERT INTO `like_photo` (`id`, `user_id`, `photos_id`, `is_like`) VALUES ('77', '3', '8', 1);
INSERT INTO `like_photo` (`id`, `user_id`, `photos_id`, `is_like`) VALUES ('78', '75', '26', 1);
INSERT INTO `like_photo` (`id`, `user_id`, `photos_id`, `is_like`) VALUES ('79', '59', '11', 1);
INSERT INTO `like_photo` (`id`, `user_id`, `photos_id`, `is_like`) VALUES ('80', '80', '15', 1);
INSERT INTO `like_photo` (`id`, `user_id`, `photos_id`, `is_like`) VALUES ('81', '68', '50', 0);
INSERT INTO `like_photo` (`id`, `user_id`, `photos_id`, `is_like`) VALUES ('82', '86', '55', 0);
INSERT INTO `like_photo` (`id`, `user_id`, `photos_id`, `is_like`) VALUES ('83', '49', '38', 1);
INSERT INTO `like_photo` (`id`, `user_id`, `photos_id`, `is_like`) VALUES ('84', '65', '25', 1);
INSERT INTO `like_photo` (`id`, `user_id`, `photos_id`, `is_like`) VALUES ('85', '20', '58', 1);
INSERT INTO `like_photo` (`id`, `user_id`, `photos_id`, `is_like`) VALUES ('86', '38', '79', 0);
INSERT INTO `like_photo` (`id`, `user_id`, `photos_id`, `is_like`) VALUES ('87', '5', '54', 1);
INSERT INTO `like_photo` (`id`, `user_id`, `photos_id`, `is_like`) VALUES ('88', '67', '83', 1);
INSERT INTO `like_photo` (`id`, `user_id`, `photos_id`, `is_like`) VALUES ('89', '38', '41', 1);
INSERT INTO `like_photo` (`id`, `user_id`, `photos_id`, `is_like`) VALUES ('90', '88', '84', 1);
INSERT INTO `like_photo` (`id`, `user_id`, `photos_id`, `is_like`) VALUES ('91', '92', '74', 0);
INSERT INTO `like_photo` (`id`, `user_id`, `photos_id`, `is_like`) VALUES ('92', '20', '94', 1);
INSERT INTO `like_photo` (`id`, `user_id`, `photos_id`, `is_like`) VALUES ('93', '81', '94', 0);
INSERT INTO `like_photo` (`id`, `user_id`, `photos_id`, `is_like`) VALUES ('94', '19', '40', 1);
INSERT INTO `like_photo` (`id`, `user_id`, `photos_id`, `is_like`) VALUES ('95', '5', '99', 0);
INSERT INTO `like_photo` (`id`, `user_id`, `photos_id`, `is_like`) VALUES ('96', '55', '73', 0);
INSERT INTO `like_photo` (`id`, `user_id`, `photos_id`, `is_like`) VALUES ('97', '48', '40', 1);
INSERT INTO `like_photo` (`id`, `user_id`, `photos_id`, `is_like`) VALUES ('98', '28', '97', 0);
INSERT INTO `like_photo` (`id`, `user_id`, `photos_id`, `is_like`) VALUES ('99', '77', '92', 0);
INSERT INTO `like_photo` (`id`, `user_id`, `photos_id`, `is_like`) VALUES ('100', '22', '96', 0);


#
# TABLE STRUCTURE FOR: like_posts
#

DROP TABLE IF EXISTS `like_posts`;

CREATE TABLE `like_posts` (
  `id` bigint(20) unsigned NOT NULL AUTO_INCREMENT,
  `user_id` bigint(20) unsigned NOT NULL,
  `posts_id` bigint(20) unsigned NOT NULL,
  `is_like` tinyint(1) DEFAULT 0,
  PRIMARY KEY (`id`),
  KEY `user_id` (`user_id`),
  KEY `posts_id` (`posts_id`),
  CONSTRAINT `like_posts_ibfk_1` FOREIGN KEY (`user_id`) REFERENCES `users` (`id`),
  CONSTRAINT `like_posts_ibfk_2` FOREIGN KEY (`posts_id`) REFERENCES `posts` (`id`)
) ENGINE=InnoDB AUTO_INCREMENT=101 DEFAULT CHARSET=utf8 COLLATE=utf8_unicode_ci;

INSERT INTO `like_posts` (`id`, `user_id`, `posts_id`, `is_like`) VALUES ('1', '100', '83', 1);
INSERT INTO `like_posts` (`id`, `user_id`, `posts_id`, `is_like`) VALUES ('2', '80', '96', 0);
INSERT INTO `like_posts` (`id`, `user_id`, `posts_id`, `is_like`) VALUES ('3', '12', '74', 0);
INSERT INTO `like_posts` (`id`, `user_id`, `posts_id`, `is_like`) VALUES ('4', '92', '85', 0);
INSERT INTO `like_posts` (`id`, `user_id`, `posts_id`, `is_like`) VALUES ('5', '7', '25', 0);
INSERT INTO `like_posts` (`id`, `user_id`, `posts_id`, `is_like`) VALUES ('6', '27', '20', 0);
INSERT INTO `like_posts` (`id`, `user_id`, `posts_id`, `is_like`) VALUES ('7', '51', '84', 1);
INSERT INTO `like_posts` (`id`, `user_id`, `posts_id`, `is_like`) VALUES ('8', '16', '92', 0);
INSERT INTO `like_posts` (`id`, `user_id`, `posts_id`, `is_like`) VALUES ('9', '28', '26', 0);
INSERT INTO `like_posts` (`id`, `user_id`, `posts_id`, `is_like`) VALUES ('10', '9', '32', 1);
INSERT INTO `like_posts` (`id`, `user_id`, `posts_id`, `is_like`) VALUES ('11', '2', '64', 1);
INSERT INTO `like_posts` (`id`, `user_id`, `posts_id`, `is_like`) VALUES ('12', '33', '6', 0);
INSERT INTO `like_posts` (`id`, `user_id`, `posts_id`, `is_like`) VALUES ('13', '76', '53', 0);
INSERT INTO `like_posts` (`id`, `user_id`, `posts_id`, `is_like`) VALUES ('14', '33', '94', 0);
INSERT INTO `like_posts` (`id`, `user_id`, `posts_id`, `is_like`) VALUES ('15', '98', '21', 0);
INSERT INTO `like_posts` (`id`, `user_id`, `posts_id`, `is_like`) VALUES ('16', '93', '97', 1);
INSERT INTO `like_posts` (`id`, `user_id`, `posts_id`, `is_like`) VALUES ('17', '4', '72', 1);
INSERT INTO `like_posts` (`id`, `user_id`, `posts_id`, `is_like`) VALUES ('18', '92', '15', 1);
INSERT INTO `like_posts` (`id`, `user_id`, `posts_id`, `is_like`) VALUES ('19', '46', '83', 1);
INSERT INTO `like_posts` (`id`, `user_id`, `posts_id`, `is_like`) VALUES ('20', '100', '52', 1);
INSERT INTO `like_posts` (`id`, `user_id`, `posts_id`, `is_like`) VALUES ('21', '8', '26', 0);
INSERT INTO `like_posts` (`id`, `user_id`, `posts_id`, `is_like`) VALUES ('22', '71', '58', 1);
INSERT INTO `like_posts` (`id`, `user_id`, `posts_id`, `is_like`) VALUES ('23', '10', '87', 1);
INSERT INTO `like_posts` (`id`, `user_id`, `posts_id`, `is_like`) VALUES ('24', '50', '38', 0);
INSERT INTO `like_posts` (`id`, `user_id`, `posts_id`, `is_like`) VALUES ('25', '13', '59', 0);
INSERT INTO `like_posts` (`id`, `user_id`, `posts_id`, `is_like`) VALUES ('26', '69', '14', 0);
INSERT INTO `like_posts` (`id`, `user_id`, `posts_id`, `is_like`) VALUES ('27', '22', '1', 0);
INSERT INTO `like_posts` (`id`, `user_id`, `posts_id`, `is_like`) VALUES ('28', '19', '97', 0);
INSERT INTO `like_posts` (`id`, `user_id`, `posts_id`, `is_like`) VALUES ('29', '53', '52', 0);
INSERT INTO `like_posts` (`id`, `user_id`, `posts_id`, `is_like`) VALUES ('30', '90', '51', 1);
INSERT INTO `like_posts` (`id`, `user_id`, `posts_id`, `is_like`) VALUES ('31', '72', '82', 0);
INSERT INTO `like_posts` (`id`, `user_id`, `posts_id`, `is_like`) VALUES ('32', '47', '75', 0);
INSERT INTO `like_posts` (`id`, `user_id`, `posts_id`, `is_like`) VALUES ('33', '54', '39', 0);
INSERT INTO `like_posts` (`id`, `user_id`, `posts_id`, `is_like`) VALUES ('34', '90', '99', 1);
INSERT INTO `like_posts` (`id`, `user_id`, `posts_id`, `is_like`) VALUES ('35', '22', '89', 1);
INSERT INTO `like_posts` (`id`, `user_id`, `posts_id`, `is_like`) VALUES ('36', '50', '29', 0);
INSERT INTO `like_posts` (`id`, `user_id`, `posts_id`, `is_like`) VALUES ('37', '15', '21', 1);
INSERT INTO `like_posts` (`id`, `user_id`, `posts_id`, `is_like`) VALUES ('38', '86', '25', 0);
INSERT INTO `like_posts` (`id`, `user_id`, `posts_id`, `is_like`) VALUES ('39', '8', '36', 0);
INSERT INTO `like_posts` (`id`, `user_id`, `posts_id`, `is_like`) VALUES ('40', '62', '20', 0);
INSERT INTO `like_posts` (`id`, `user_id`, `posts_id`, `is_like`) VALUES ('41', '94', '31', 0);
INSERT INTO `like_posts` (`id`, `user_id`, `posts_id`, `is_like`) VALUES ('42', '34', '15', 0);
INSERT INTO `like_posts` (`id`, `user_id`, `posts_id`, `is_like`) VALUES ('43', '32', '52', 0);
INSERT INTO `like_posts` (`id`, `user_id`, `posts_id`, `is_like`) VALUES ('44', '11', '85', 0);
INSERT INTO `like_posts` (`id`, `user_id`, `posts_id`, `is_like`) VALUES ('45', '4', '1', 1);
INSERT INTO `like_posts` (`id`, `user_id`, `posts_id`, `is_like`) VALUES ('46', '35', '76', 1);
INSERT INTO `like_posts` (`id`, `user_id`, `posts_id`, `is_like`) VALUES ('47', '83', '81', 0);
INSERT INTO `like_posts` (`id`, `user_id`, `posts_id`, `is_like`) VALUES ('48', '50', '36', 1);
INSERT INTO `like_posts` (`id`, `user_id`, `posts_id`, `is_like`) VALUES ('49', '20', '40', 0);
INSERT INTO `like_posts` (`id`, `user_id`, `posts_id`, `is_like`) VALUES ('50', '35', '41', 0);
INSERT INTO `like_posts` (`id`, `user_id`, `posts_id`, `is_like`) VALUES ('51', '28', '84', 0);
INSERT INTO `like_posts` (`id`, `user_id`, `posts_id`, `is_like`) VALUES ('52', '69', '43', 0);
INSERT INTO `like_posts` (`id`, `user_id`, `posts_id`, `is_like`) VALUES ('53', '5', '55', 0);
INSERT INTO `like_posts` (`id`, `user_id`, `posts_id`, `is_like`) VALUES ('54', '67', '12', 0);
INSERT INTO `like_posts` (`id`, `user_id`, `posts_id`, `is_like`) VALUES ('55', '90', '29', 0);
INSERT INTO `like_posts` (`id`, `user_id`, `posts_id`, `is_like`) VALUES ('56', '32', '83', 0);
INSERT INTO `like_posts` (`id`, `user_id`, `posts_id`, `is_like`) VALUES ('57', '59', '65', 1);
INSERT INTO `like_posts` (`id`, `user_id`, `posts_id`, `is_like`) VALUES ('58', '98', '90', 1);
INSERT INTO `like_posts` (`id`, `user_id`, `posts_id`, `is_like`) VALUES ('59', '17', '8', 0);
INSERT INTO `like_posts` (`id`, `user_id`, `posts_id`, `is_like`) VALUES ('60', '74', '21', 0);
INSERT INTO `like_posts` (`id`, `user_id`, `posts_id`, `is_like`) VALUES ('61', '9', '8', 1);
INSERT INTO `like_posts` (`id`, `user_id`, `posts_id`, `is_like`) VALUES ('62', '96', '91', 1);
INSERT INTO `like_posts` (`id`, `user_id`, `posts_id`, `is_like`) VALUES ('63', '89', '46', 1);
INSERT INTO `like_posts` (`id`, `user_id`, `posts_id`, `is_like`) VALUES ('64', '26', '8', 0);
INSERT INTO `like_posts` (`id`, `user_id`, `posts_id`, `is_like`) VALUES ('65', '85', '60', 0);
INSERT INTO `like_posts` (`id`, `user_id`, `posts_id`, `is_like`) VALUES ('66', '49', '13', 1);
INSERT INTO `like_posts` (`id`, `user_id`, `posts_id`, `is_like`) VALUES ('67', '44', '17', 1);
INSERT INTO `like_posts` (`id`, `user_id`, `posts_id`, `is_like`) VALUES ('68', '55', '49', 1);
INSERT INTO `like_posts` (`id`, `user_id`, `posts_id`, `is_like`) VALUES ('69', '72', '22', 1);
INSERT INTO `like_posts` (`id`, `user_id`, `posts_id`, `is_like`) VALUES ('70', '61', '61', 1);
INSERT INTO `like_posts` (`id`, `user_id`, `posts_id`, `is_like`) VALUES ('71', '50', '93', 0);
INSERT INTO `like_posts` (`id`, `user_id`, `posts_id`, `is_like`) VALUES ('72', '44', '8', 1);
INSERT INTO `like_posts` (`id`, `user_id`, `posts_id`, `is_like`) VALUES ('73', '57', '41', 0);
INSERT INTO `like_posts` (`id`, `user_id`, `posts_id`, `is_like`) VALUES ('74', '98', '74', 1);
INSERT INTO `like_posts` (`id`, `user_id`, `posts_id`, `is_like`) VALUES ('75', '49', '71', 0);
INSERT INTO `like_posts` (`id`, `user_id`, `posts_id`, `is_like`) VALUES ('76', '94', '58', 0);
INSERT INTO `like_posts` (`id`, `user_id`, `posts_id`, `is_like`) VALUES ('77', '79', '90', 0);
INSERT INTO `like_posts` (`id`, `user_id`, `posts_id`, `is_like`) VALUES ('78', '48', '68', 0);
INSERT INTO `like_posts` (`id`, `user_id`, `posts_id`, `is_like`) VALUES ('79', '35', '74', 1);
INSERT INTO `like_posts` (`id`, `user_id`, `posts_id`, `is_like`) VALUES ('80', '76', '19', 0);
INSERT INTO `like_posts` (`id`, `user_id`, `posts_id`, `is_like`) VALUES ('81', '34', '24', 0);
INSERT INTO `like_posts` (`id`, `user_id`, `posts_id`, `is_like`) VALUES ('82', '31', '78', 1);
INSERT INTO `like_posts` (`id`, `user_id`, `posts_id`, `is_like`) VALUES ('83', '41', '86', 1);
INSERT INTO `like_posts` (`id`, `user_id`, `posts_id`, `is_like`) VALUES ('84', '27', '12', 0);
INSERT INTO `like_posts` (`id`, `user_id`, `posts_id`, `is_like`) VALUES ('85', '7', '87', 1);
INSERT INTO `like_posts` (`id`, `user_id`, `posts_id`, `is_like`) VALUES ('86', '73', '56', 1);
INSERT INTO `like_posts` (`id`, `user_id`, `posts_id`, `is_like`) VALUES ('87', '80', '17', 0);
INSERT INTO `like_posts` (`id`, `user_id`, `posts_id`, `is_like`) VALUES ('88', '64', '36', 1);
INSERT INTO `like_posts` (`id`, `user_id`, `posts_id`, `is_like`) VALUES ('89', '58', '61', 1);
INSERT INTO `like_posts` (`id`, `user_id`, `posts_id`, `is_like`) VALUES ('90', '10', '7', 1);
INSERT INTO `like_posts` (`id`, `user_id`, `posts_id`, `is_like`) VALUES ('91', '32', '4', 1);
INSERT INTO `like_posts` (`id`, `user_id`, `posts_id`, `is_like`) VALUES ('92', '64', '10', 1);
INSERT INTO `like_posts` (`id`, `user_id`, `posts_id`, `is_like`) VALUES ('93', '93', '12', 1);
INSERT INTO `like_posts` (`id`, `user_id`, `posts_id`, `is_like`) VALUES ('94', '78', '28', 0);
INSERT INTO `like_posts` (`id`, `user_id`, `posts_id`, `is_like`) VALUES ('95', '86', '53', 0);
INSERT INTO `like_posts` (`id`, `user_id`, `posts_id`, `is_like`) VALUES ('96', '46', '20', 1);
INSERT INTO `like_posts` (`id`, `user_id`, `posts_id`, `is_like`) VALUES ('97', '76', '77', 0);
INSERT INTO `like_posts` (`id`, `user_id`, `posts_id`, `is_like`) VALUES ('98', '97', '17', 0);
INSERT INTO `like_posts` (`id`, `user_id`, `posts_id`, `is_like`) VALUES ('99', '63', '24', 1);
INSERT INTO `like_posts` (`id`, `user_id`, `posts_id`, `is_like`) VALUES ('100', '28', '69', 0);


#
# TABLE STRUCTURE FOR: messages
#

DROP TABLE IF EXISTS `messages`;

CREATE TABLE `messages` (
  `id` bigint(20) unsigned NOT NULL AUTO_INCREMENT,
  `from_user_id` bigint(20) unsigned NOT NULL,
  `to_user_id` bigint(20) unsigned NOT NULL,
  `body` text COLLATE utf8_unicode_ci DEFAULT NULL,
  `is_read` tinyint(1) DEFAULT 0,
  `created_at` datetime DEFAULT current_timestamp(),
  PRIMARY KEY (`id`),
  KEY `from_user_id` (`from_user_id`),
  KEY `to_user_id` (`to_user_id`),
  CONSTRAINT `messages_ibfk_1` FOREIGN KEY (`from_user_id`) REFERENCES `users` (`id`),
  CONSTRAINT `messages_ibfk_2` FOREIGN KEY (`to_user_id`) REFERENCES `users` (`id`)
) ENGINE=InnoDB AUTO_INCREMENT=71 DEFAULT CHARSET=utf8 COLLATE=utf8_unicode_ci;

INSERT INTO `messages` (`id`, `from_user_id`, `to_user_id`, `body`, `is_read`, `created_at`) VALUES ('1', '5', '49', 'Et deleniti sequi quos assumenda odio. Consequatur pariatur repellat nisi. Atque reprehenderit voluptatum aut ea aut aspernatur quisquam. Corporis assumenda possimus impedit enim ducimus nesciunt.', 1, '1975-10-25 16:01:16');
INSERT INTO `messages` (`id`, `from_user_id`, `to_user_id`, `body`, `is_read`, `created_at`) VALUES ('2', '4', '9', 'Eligendi alias doloribus delectus deserunt. Vel aliquid dicta eos error. Consequatur quod et repellat.', 0, '1971-01-01 23:18:33');
INSERT INTO `messages` (`id`, `from_user_id`, `to_user_id`, `body`, `is_read`, `created_at`) VALUES ('3', '28', '6', 'Doloribus sed ex enim et quibusdam. Aliquid qui adipisci ipsum cupiditate. Cumque earum temporibus est non et nobis beatae.', 0, '1980-12-18 05:40:24');
INSERT INTO `messages` (`id`, `from_user_id`, `to_user_id`, `body`, `is_read`, `created_at`) VALUES ('4', '57', '51', 'Non maxime vel neque eum sed soluta distinctio. Laboriosam impedit qui animi dolore ducimus ipsa at aut. Veritatis dolorum facere eaque sit voluptas magnam qui.', 0, '2015-03-07 01:47:33');
INSERT INTO `messages` (`id`, `from_user_id`, `to_user_id`, `body`, `is_read`, `created_at`) VALUES ('5', '100', '93', 'Voluptas ullam ad rerum nostrum. Minus aliquid enim expedita qui voluptatem dolorum. Eveniet dolor officia non doloremque laboriosam ut architecto labore. Dolor perferendis accusamus ratione eaque.', 0, '2012-06-19 01:07:20');
INSERT INTO `messages` (`id`, `from_user_id`, `to_user_id`, `body`, `is_read`, `created_at`) VALUES ('6', '94', '94', 'Laboriosam sint ratione ex. Est et sint perspiciatis dolorem eius at. Error sapiente architecto nihil. Et repudiandae est excepturi accusamus aut.', 0, '1980-02-15 03:57:13');
INSERT INTO `messages` (`id`, `from_user_id`, `to_user_id`, `body`, `is_read`, `created_at`) VALUES ('7', '64', '48', 'Ipsum aut distinctio at quis. Ut quasi aut consequatur qui. Non maiores aperiam corrupti dicta ea quia perspiciatis. Aperiam fugiat earum veniam aut voluptas.', 1, '1970-03-15 02:02:44');
INSERT INTO `messages` (`id`, `from_user_id`, `to_user_id`, `body`, `is_read`, `created_at`) VALUES ('8', '1', '24', 'Aperiam dolorem adipisci ullam ab itaque. Ex dolor sit sed.', 1, '2005-11-23 17:29:59');
INSERT INTO `messages` (`id`, `from_user_id`, `to_user_id`, `body`, `is_read`, `created_at`) VALUES ('9', '10', '91', 'Perferendis explicabo similique et sed veritatis. Inventore odio sunt ut autem perspiciatis autem. Optio rem voluptas consectetur fugiat molestias et deserunt aut.', 0, '1986-12-15 08:36:42');
INSERT INTO `messages` (`id`, `from_user_id`, `to_user_id`, `body`, `is_read`, `created_at`) VALUES ('10', '23', '15', 'Voluptatibus ut nemo vitae et accusantium quia. Fugit dolorem tempora eos necessitatibus et est temporibus et.', 1, '2016-06-29 11:11:26');
INSERT INTO `messages` (`id`, `from_user_id`, `to_user_id`, `body`, `is_read`, `created_at`) VALUES ('11', '81', '73', 'Ab vel reprehenderit necessitatibus quo dolorum. In reiciendis et iste sit. Et dolor debitis tempore consequatur distinctio et aut. Corrupti consequatur eveniet magni libero sunt. Consequatur et vitae natus et aut.', 1, '2005-12-27 07:27:22');
INSERT INTO `messages` (`id`, `from_user_id`, `to_user_id`, `body`, `is_read`, `created_at`) VALUES ('12', '12', '95', 'Expedita quibusdam perferendis quidem iusto nam explicabo et. Eum accusamus qui voluptates. Totam in tempore facilis quis. Ipsa placeat explicabo sed molestiae officiis id.', 1, '1975-11-27 02:34:35');
INSERT INTO `messages` (`id`, `from_user_id`, `to_user_id`, `body`, `is_read`, `created_at`) VALUES ('13', '96', '25', 'Voluptas delectus veritatis enim debitis enim ullam et. Vel et quia mollitia asperiores doloribus magnam. Aliquam voluptas fuga facere sint.', 0, '1975-12-19 04:20:05');
INSERT INTO `messages` (`id`, `from_user_id`, `to_user_id`, `body`, `is_read`, `created_at`) VALUES ('14', '2', '92', 'Consequatur omnis repudiandae iure temporibus ab qui. Nam illum vitae facilis ut. Nisi et odio eos. Non quisquam amet corporis maxime ipsa ut.', 0, '1999-09-09 18:57:37');
INSERT INTO `messages` (`id`, `from_user_id`, `to_user_id`, `body`, `is_read`, `created_at`) VALUES ('15', '94', '81', 'Rerum et accusantium molestiae dicta. Perspiciatis pariatur vel a et aut ea nesciunt. Ad porro corporis dolorum eum quaerat aut et ipsum.', 1, '1994-05-04 10:26:38');
INSERT INTO `messages` (`id`, `from_user_id`, `to_user_id`, `body`, `is_read`, `created_at`) VALUES ('16', '80', '99', 'Maiores corrupti beatae ex deleniti. Explicabo et error soluta. Dolore quas magni culpa eveniet inventore. Dignissimos inventore perspiciatis distinctio dicta.', 1, '2005-07-04 04:05:32');
INSERT INTO `messages` (`id`, `from_user_id`, `to_user_id`, `body`, `is_read`, `created_at`) VALUES ('17', '29', '83', 'Velit nam occaecati et. Sit eum neque similique quia nostrum non. Eaque exercitationem reiciendis et et voluptatem qui.', 1, '1979-03-22 21:14:10');
INSERT INTO `messages` (`id`, `from_user_id`, `to_user_id`, `body`, `is_read`, `created_at`) VALUES ('18', '7', '56', 'Quis aut ut magni hic aut. Assumenda velit officia distinctio perspiciatis laboriosam quis enim.', 0, '2002-05-20 14:18:11');
INSERT INTO `messages` (`id`, `from_user_id`, `to_user_id`, `body`, `is_read`, `created_at`) VALUES ('19', '89', '64', 'Optio esse consectetur cupiditate aut. Ratione accusantium voluptas repudiandae officia iste. Pariatur vel repudiandae velit esse suscipit. Quam necessitatibus cumque eius et.', 0, '2020-05-20 04:51:32');
INSERT INTO `messages` (`id`, `from_user_id`, `to_user_id`, `body`, `is_read`, `created_at`) VALUES ('20', '7', '88', 'Nihil velit maiores nulla. Aut iusto impedit dolorem quos est voluptatibus expedita. Quis occaecati dolores maiores sed itaque at.', 0, '1984-08-13 22:48:41');
INSERT INTO `messages` (`id`, `from_user_id`, `to_user_id`, `body`, `is_read`, `created_at`) VALUES ('21', '57', '1', 'Voluptate voluptates non expedita qui dolorem necessitatibus velit. Itaque ut labore sit voluptas. Aperiam et vero accusamus sit quis id. Dolorum saepe odio quia omnis occaecati.', 0, '1978-03-03 17:08:31');
INSERT INTO `messages` (`id`, `from_user_id`, `to_user_id`, `body`, `is_read`, `created_at`) VALUES ('22', '82', '21', 'Maxime aut debitis quidem vel qui quisquam. Placeat id neque est aliquid ipsam saepe dolorem dicta. Nobis dolores quibusdam quaerat sunt perspiciatis. Voluptate ex quidem illo architecto. Commodi autem et nam iure eos.', 0, '2018-08-07 02:28:06');
INSERT INTO `messages` (`id`, `from_user_id`, `to_user_id`, `body`, `is_read`, `created_at`) VALUES ('23', '48', '83', 'Tenetur cum sunt cum adipisci similique ut sit. Esse error et blanditiis sed. Ratione ut esse nam repellendus.', 0, '2010-02-26 09:01:39');
INSERT INTO `messages` (`id`, `from_user_id`, `to_user_id`, `body`, `is_read`, `created_at`) VALUES ('24', '44', '57', 'Ut ex laudantium sequi repellat amet ex. Laborum quo minus eius maxime. Ducimus et corrupti in dolores.', 1, '2016-11-21 09:31:13');
INSERT INTO `messages` (`id`, `from_user_id`, `to_user_id`, `body`, `is_read`, `created_at`) VALUES ('25', '73', '66', 'Autem ex nobis laudantium maxime maiores. Eligendi officia cupiditate rerum neque. Veniam aspernatur ea occaecati aut.', 0, '1996-03-10 07:02:33');
INSERT INTO `messages` (`id`, `from_user_id`, `to_user_id`, `body`, `is_read`, `created_at`) VALUES ('26', '71', '54', 'Numquam voluptatem sit eos et reprehenderit deleniti. Consectetur suscipit dolores sit ut. Et cum quia labore eaque.', 1, '1971-12-22 01:27:57');
INSERT INTO `messages` (`id`, `from_user_id`, `to_user_id`, `body`, `is_read`, `created_at`) VALUES ('27', '39', '82', 'Omnis sunt veritatis asperiores quasi. Magnam velit sequi et veritatis aut amet. Laboriosam voluptas et perspiciatis molestias odit. Eius voluptatem expedita eum. Reprehenderit odio omnis ut assumenda et.', 1, '2005-02-19 08:07:04');
INSERT INTO `messages` (`id`, `from_user_id`, `to_user_id`, `body`, `is_read`, `created_at`) VALUES ('28', '48', '34', 'Aut amet aliquid odit delectus. Alias distinctio autem at. Quos consequatur molestiae voluptatem molestiae tenetur inventore. Accusamus earum incidunt maiores amet perspiciatis tempore iusto. Ut velit ut eligendi tenetur aliquam.', 1, '2012-09-11 12:30:57');
INSERT INTO `messages` (`id`, `from_user_id`, `to_user_id`, `body`, `is_read`, `created_at`) VALUES ('29', '7', '49', 'Impedit labore enim perspiciatis magni sed. Similique rem quos id suscipit. Et animi iste nulla aliquam iusto. Debitis quisquam laboriosam soluta sit aliquam consequatur libero molestiae.', 1, '2016-04-04 02:51:49');
INSERT INTO `messages` (`id`, `from_user_id`, `to_user_id`, `body`, `is_read`, `created_at`) VALUES ('30', '26', '1', 'Aut placeat voluptatum sint eius ipsa suscipit. Deserunt odio autem aut laborum quia aut. Aut expedita ut temporibus ratione illum. Aperiam consectetur labore qui voluptatem.', 1, '1991-08-15 06:45:00');
INSERT INTO `messages` (`id`, `from_user_id`, `to_user_id`, `body`, `is_read`, `created_at`) VALUES ('31', '29', '6', 'Pariatur maxime doloribus optio veniam neque saepe delectus. Commodi doloribus unde rem. Quasi aut aspernatur dignissimos temporibus dolores eligendi est. Nesciunt excepturi est voluptate impedit in dolorem.', 1, '1979-08-19 07:43:10');
INSERT INTO `messages` (`id`, `from_user_id`, `to_user_id`, `body`, `is_read`, `created_at`) VALUES ('32', '99', '58', 'Fuga a blanditiis non aut quia molestiae dolores. Molestias consequuntur molestias nihil. Sunt tenetur non est voluptatem fugit. Praesentium perferendis quibusdam nihil recusandae.', 1, '2002-02-15 17:14:52');
INSERT INTO `messages` (`id`, `from_user_id`, `to_user_id`, `body`, `is_read`, `created_at`) VALUES ('33', '89', '6', 'Est omnis odio ut totam porro perferendis aspernatur doloremque. Et enim eius mollitia illo consequatur modi iusto. Delectus expedita veniam id rerum. Possimus laudantium quam placeat asperiores sed expedita culpa libero.', 1, '1988-06-04 19:59:23');
INSERT INTO `messages` (`id`, `from_user_id`, `to_user_id`, `body`, `is_read`, `created_at`) VALUES ('34', '13', '77', 'Nemo excepturi sed ea dolor quaerat. Consequatur facilis enim repellendus libero est aut rerum. Voluptatem in commodi quia.', 0, '1970-01-27 02:51:40');
INSERT INTO `messages` (`id`, `from_user_id`, `to_user_id`, `body`, `is_read`, `created_at`) VALUES ('35', '70', '20', 'Impedit enim cupiditate eos corporis in ratione atque. Et perspiciatis sit pariatur. Voluptas vitae dolores dolore. Possimus dolorem omnis veniam rerum ut atque quia.', 0, '2004-01-20 20:32:05');
INSERT INTO `messages` (`id`, `from_user_id`, `to_user_id`, `body`, `is_read`, `created_at`) VALUES ('36', '65', '26', 'Id velit iste perspiciatis est ut autem impedit. Inventore eum doloribus esse voluptatem non. Impedit et sapiente natus aut cum neque cum. Delectus culpa ut consequatur unde voluptates.', 0, '2013-01-06 05:08:06');
INSERT INTO `messages` (`id`, `from_user_id`, `to_user_id`, `body`, `is_read`, `created_at`) VALUES ('37', '20', '46', 'Voluptatibus porro voluptatem fugiat nihil earum est vel. Voluptas debitis quod est autem commodi vel sed voluptas. Qui consequatur tenetur amet.', 0, '2000-08-16 13:32:41');
INSERT INTO `messages` (`id`, `from_user_id`, `to_user_id`, `body`, `is_read`, `created_at`) VALUES ('38', '46', '67', 'Quidem sit quae quam saepe. Voluptatem est et praesentium tenetur amet. Dolorem soluta illo maiores quia.', 1, '1987-01-01 01:19:29');
INSERT INTO `messages` (`id`, `from_user_id`, `to_user_id`, `body`, `is_read`, `created_at`) VALUES ('39', '29', '90', 'Suscipit deserunt ut sit soluta. Unde sunt sunt unde id fugit et possimus temporibus. Voluptatem aliquid occaecati voluptatum nobis esse porro.', 0, '1972-09-21 19:33:37');
INSERT INTO `messages` (`id`, `from_user_id`, `to_user_id`, `body`, `is_read`, `created_at`) VALUES ('40', '24', '1', 'Placeat doloribus aut quisquam sed accusamus sed eos et. Rerum libero quis minima voluptatibus voluptatem architecto sunt. Exercitationem occaecati dolorem quidem laborum ipsum ducimus.', 0, '1970-05-01 18:44:41');
INSERT INTO `messages` (`id`, `from_user_id`, `to_user_id`, `body`, `is_read`, `created_at`) VALUES ('41', '56', '94', 'Necessitatibus quis illum sunt. Numquam est rerum sint odio quo repudiandae. Sed sint quasi autem ea. Dolore omnis eaque sint ipsa et.', 1, '1996-10-14 08:22:07');
INSERT INTO `messages` (`id`, `from_user_id`, `to_user_id`, `body`, `is_read`, `created_at`) VALUES ('42', '54', '95', 'Beatae non consequatur laboriosam perspiciatis labore cum veritatis. Aut possimus asperiores aut dolore repellat repudiandae. Autem nam voluptatem repellendus voluptatem maiores est sequi.', 0, '2014-06-25 06:19:12');
INSERT INTO `messages` (`id`, `from_user_id`, `to_user_id`, `body`, `is_read`, `created_at`) VALUES ('43', '76', '2', 'Commodi eos accusantium at quidem quo. Hic aspernatur dolorum quo est ut. Voluptatibus aut iure amet.', 0, '2000-11-09 22:38:44');
INSERT INTO `messages` (`id`, `from_user_id`, `to_user_id`, `body`, `is_read`, `created_at`) VALUES ('44', '29', '83', 'Sint ut neque totam laborum. Non ipsum debitis sapiente enim. Et perferendis maiores enim.', 1, '2012-02-05 03:52:36');
INSERT INTO `messages` (`id`, `from_user_id`, `to_user_id`, `body`, `is_read`, `created_at`) VALUES ('45', '50', '54', 'Quia quo non consequatur molestias ducimus blanditiis. Perferendis consequatur minima occaecati dolorem qui aut doloribus velit. Ut maiores nesciunt quasi earum qui. Quasi qui dolor accusamus optio harum qui est.', 0, '2000-11-15 05:53:34');
INSERT INTO `messages` (`id`, `from_user_id`, `to_user_id`, `body`, `is_read`, `created_at`) VALUES ('46', '83', '79', 'Delectus et similique dolorem quam. Hic tenetur nulla blanditiis nihil.', 0, '2013-02-05 05:43:39');
INSERT INTO `messages` (`id`, `from_user_id`, `to_user_id`, `body`, `is_read`, `created_at`) VALUES ('47', '60', '81', 'Illo odio ratione enim consectetur tempore officia. Commodi commodi quis rerum fuga perferendis sequi. Deserunt sed earum iure non sapiente. Laborum voluptatem quam est consequuntur.', 0, '1976-08-21 04:23:15');
INSERT INTO `messages` (`id`, `from_user_id`, `to_user_id`, `body`, `is_read`, `created_at`) VALUES ('48', '37', '48', 'Voluptatem quia quis dolorem est itaque. Quia modi consequatur architecto suscipit dolorem dignissimos quasi. Neque nisi consequatur est consequatur modi accusantium eligendi molestiae.', 0, '1982-07-02 05:11:59');
INSERT INTO `messages` (`id`, `from_user_id`, `to_user_id`, `body`, `is_read`, `created_at`) VALUES ('49', '87', '49', 'Magni perferendis hic dolor iusto quaerat ipsa ullam. Quia provident consequatur ut. Dicta quaerat tempora et vero optio sunt perferendis.', 0, '2016-05-10 07:34:12');
INSERT INTO `messages` (`id`, `from_user_id`, `to_user_id`, `body`, `is_read`, `created_at`) VALUES ('50', '25', '56', 'Dolores cupiditate sunt architecto voluptatem soluta cupiditate. Nemo asperiores aut laborum unde aut eius id. Ad et quis amet voluptatem saepe sunt. Et repellendus impedit quisquam voluptatem ea et.', 0, '1999-01-15 17:22:31');
INSERT INTO `messages` (`id`, `from_user_id`, `to_user_id`, `body`, `is_read`, `created_at`) VALUES ('51', '69', '89', 'Vel deserunt et facere in. Expedita vel deserunt perspiciatis suscipit iure laudantium.', 1, '1987-06-05 02:24:01');
INSERT INTO `messages` (`id`, `from_user_id`, `to_user_id`, `body`, `is_read`, `created_at`) VALUES ('52', '82', '88', 'Et necessitatibus ullam dolorem ea iste at. Aut sed dolorem optio doloribus iusto et. Omnis assumenda id maiores distinctio. Corrupti tempore id eligendi nam omnis magnam.', 0, '2013-08-24 04:05:42');
INSERT INTO `messages` (`id`, `from_user_id`, `to_user_id`, `body`, `is_read`, `created_at`) VALUES ('53', '35', '27', 'Ab autem explicabo est non. Et necessitatibus excepturi assumenda. Quam nobis qui vitae voluptatum quod. Voluptatem asperiores nemo necessitatibus facilis.', 1, '1984-10-18 22:05:16');
INSERT INTO `messages` (`id`, `from_user_id`, `to_user_id`, `body`, `is_read`, `created_at`) VALUES ('54', '55', '64', 'Voluptatum dolore mollitia corrupti. Et et tempore sit sequi vel aliquid. Architecto maxime dolor impedit incidunt aut eius qui. A quia nihil velit ratione impedit nihil.', 1, '1980-06-08 22:30:02');
INSERT INTO `messages` (`id`, `from_user_id`, `to_user_id`, `body`, `is_read`, `created_at`) VALUES ('55', '17', '78', 'Blanditiis numquam sunt alias consequatur ut. Eum excepturi ut velit laudantium. Aperiam laudantium corporis voluptatibus voluptas. Cum vero dignissimos tempore magnam quo eaque.', 1, '2018-01-23 18:28:53');
INSERT INTO `messages` (`id`, `from_user_id`, `to_user_id`, `body`, `is_read`, `created_at`) VALUES ('56', '64', '72', 'Repellat dicta voluptatibus qui soluta. Vero quibusdam sed eos hic. Quae cumque dolores ducimus aspernatur.', 1, '1977-01-09 12:13:33');
INSERT INTO `messages` (`id`, `from_user_id`, `to_user_id`, `body`, `is_read`, `created_at`) VALUES ('57', '72', '18', 'Dolor non rerum dolores dolores minus. Eius dolores aut sed est velit tenetur ea. Quaerat nihil et sint maxime recusandae inventore sunt excepturi.', 0, '1995-06-27 20:57:58');
INSERT INTO `messages` (`id`, `from_user_id`, `to_user_id`, `body`, `is_read`, `created_at`) VALUES ('58', '67', '47', 'Enim consectetur et aliquid consequuntur. Nam quibusdam quod unde eos non. Quas ut mollitia sunt dolorum. Molestias id sint quod voluptas omnis sunt consequatur.', 0, '2016-12-13 10:32:40');
INSERT INTO `messages` (`id`, `from_user_id`, `to_user_id`, `body`, `is_read`, `created_at`) VALUES ('59', '19', '95', 'Repellendus dolorem rerum iure aut similique ut explicabo. Distinctio in ipsa id ratione. Ut odit vero dolor aut natus magni excepturi quis. Et magni fugit quasi animi distinctio.', 1, '2005-05-03 00:13:50');
INSERT INTO `messages` (`id`, `from_user_id`, `to_user_id`, `body`, `is_read`, `created_at`) VALUES ('60', '30', '69', 'Incidunt sit rerum maiores ullam a veritatis. Quia sit possimus repellendus eveniet. Blanditiis et blanditiis delectus officiis natus voluptatem.', 0, '1991-04-17 10:40:31');
INSERT INTO `messages` (`id`, `from_user_id`, `to_user_id`, `body`, `is_read`, `created_at`) VALUES ('61', '48', '12', 'Est est nesciunt non quia. Aut dignissimos sint ab corporis est. Fuga voluptatem doloribus autem ut qui voluptas quis. Voluptatem maiores cumque sit mollitia eum.', 1, '2012-04-08 22:27:24');
INSERT INTO `messages` (`id`, `from_user_id`, `to_user_id`, `body`, `is_read`, `created_at`) VALUES ('62', '48', '8', 'Possimus dolores dolor repellat et. Dolores sed eaque et accusamus. Consectetur aut ea dolores delectus. Labore voluptatem aut optio culpa porro eos aut.', 0, '1970-02-05 13:58:40');
INSERT INTO `messages` (`id`, `from_user_id`, `to_user_id`, `body`, `is_read`, `created_at`) VALUES ('63', '93', '84', 'Est sed rerum soluta. Voluptates et ut debitis ut aut et ut et. Ut autem qui et. Quia quia suscipit sit exercitationem ex non.', 1, '2014-02-22 15:35:04');
INSERT INTO `messages` (`id`, `from_user_id`, `to_user_id`, `body`, `is_read`, `created_at`) VALUES ('64', '55', '79', 'Sunt omnis a et reiciendis numquam nihil. Saepe ea consectetur sit quisquam ut inventore nobis. Voluptatem nulla eos tempora aut quia et voluptatibus. Consequatur voluptatem iure excepturi laboriosam reiciendis aut exercitationem quibusdam.', 0, '2001-04-09 07:06:49');
INSERT INTO `messages` (`id`, `from_user_id`, `to_user_id`, `body`, `is_read`, `created_at`) VALUES ('65', '33', '80', 'Et earum culpa autem laborum. Voluptas vero beatae iusto corporis fuga quisquam asperiores. Est voluptatibus cumque enim consequuntur non. Quo illo natus consectetur dolorem atque fuga sint est.', 0, '2016-08-15 19:02:45');
INSERT INTO `messages` (`id`, `from_user_id`, `to_user_id`, `body`, `is_read`, `created_at`) VALUES ('66', '34', '1', 'Aperiam harum consequatur ut quae beatae incidunt pariatur. Inventore vel ea qui laboriosam vitae. Doloremque commodi nam quisquam ad quod. Et porro placeat sapiente cupiditate pariatur non repudiandae quis.', 1, '2010-05-03 21:27:19');
INSERT INTO `messages` (`id`, `from_user_id`, `to_user_id`, `body`, `is_read`, `created_at`) VALUES ('67', '69', '15', 'Qui nemo quis nihil a exercitationem voluptate quia. Sed porro deleniti ipsam quas ducimus nihil ex facilis. Dicta dignissimos consequuntur cupiditate quidem ea minima ut.', 1, '2006-06-24 00:55:37');
INSERT INTO `messages` (`id`, `from_user_id`, `to_user_id`, `body`, `is_read`, `created_at`) VALUES ('68', '88', '4', 'Dolor eos corrupti a veritatis. Numquam voluptatibus et ea est ipsam qui. Impedit minima earum consequuntur pariatur eos atque magnam cumque. Eveniet eius maiores voluptas amet molestiae minima.', 0, '1980-05-04 09:21:33');
INSERT INTO `messages` (`id`, `from_user_id`, `to_user_id`, `body`, `is_read`, `created_at`) VALUES ('69', '42', '42', 'Magnam est soluta aliquam iste optio voluptatibus amet. Velit quasi dolores officia quisquam praesentium qui. Minima dolores iure aut ut aut ut rerum aperiam. Et est nihil explicabo distinctio exercitationem.', 0, '1981-09-17 20:47:46');
INSERT INTO `messages` (`id`, `from_user_id`, `to_user_id`, `body`, `is_read`, `created_at`) VALUES ('70', '67', '59', 'Aut aspernatur iusto molestiae dolor non. Perferendis quia alias beatae odio molestias molestias. Illo ex et nihil expedita voluptas sed maxime dolores.', 1, '1994-12-11 00:25:45');


#
# TABLE STRUCTURE FOR: photos
#

DROP TABLE IF EXISTS `photos`;

CREATE TABLE `photos` (
  `id` bigint(20) unsigned NOT NULL AUTO_INCREMENT,
  `user_id` bigint(20) unsigned NOT NULL,
  `description` text COLLATE utf8_unicode_ci DEFAULT NULL,
  `filename` varchar(250) COLLATE utf8_unicode_ci DEFAULT NULL,
  PRIMARY KEY (`id`),
  KEY `user_id` (`user_id`),
  CONSTRAINT `photos_ibfk_1` FOREIGN KEY (`user_id`) REFERENCES `users` (`id`)
) ENGINE=InnoDB AUTO_INCREMENT=101 DEFAULT CHARSET=utf8 COLLATE=utf8_unicode_ci;

INSERT INTO `photos` (`id`, `user_id`, `description`, `filename`) VALUES ('1', '62', 'Animi sint in repellat exercitationem unde qui esse. Omnis autem ea cum nulla. Doloribus quos rem dolores rem natus vel. Et commodi occaecati minima illo ab.', 'nulla');
INSERT INTO `photos` (`id`, `user_id`, `description`, `filename`) VALUES ('2', '28', 'Cumque veritatis vel facere non beatae aut. Consequatur maiores officiis fugiat rerum enim aut. Rem sed quo qui excepturi sit. Aliquid molestiae eius dicta.', 'adipisci');
INSERT INTO `photos` (`id`, `user_id`, `description`, `filename`) VALUES ('3', '81', 'Ut aut ipsum est qui neque. Tempora magnam esse corporis atque. Dignissimos et deleniti nisi itaque doloremque ut. Velit quibusdam dignissimos et omnis alias rerum repudiandae.', 'iure');
INSERT INTO `photos` (`id`, `user_id`, `description`, `filename`) VALUES ('4', '99', 'Et iusto dolorum doloribus laudantium dolor vel. Distinctio voluptas commodi culpa autem. Facilis praesentium delectus minus harum. Repudiandae dolor magni cumque sed quod.', 'qui');
INSERT INTO `photos` (`id`, `user_id`, `description`, `filename`) VALUES ('5', '8', 'Sit quis tempora sint porro. Cum nihil architecto voluptatem nihil qui. Id rem itaque nihil id voluptatem rerum esse. Aut natus ratione cumque enim perspiciatis.', 'est');
INSERT INTO `photos` (`id`, `user_id`, `description`, `filename`) VALUES ('6', '24', 'Iusto nobis animi eum ipsa. Expedita et quo dolore dolorem doloribus. In suscipit occaecati cupiditate dolores maxime incidunt ratione. Fugit velit voluptatem sequi iure veniam aut sint.', 'et');
INSERT INTO `photos` (`id`, `user_id`, `description`, `filename`) VALUES ('7', '29', 'Ab qui tempore praesentium. Recusandae suscipit enim vitae. Quod deleniti dicta et ut totam qui. Adipisci veniam labore ipsum illum illum dolore. Nam ipsam totam ab et et.', 'tempora');
INSERT INTO `photos` (`id`, `user_id`, `description`, `filename`) VALUES ('8', '59', 'Asperiores rerum possimus placeat et et. Nihil autem molestiae distinctio consequatur ut. Nihil illum molestias consequatur itaque tenetur reiciendis ut.', 'assumenda');
INSERT INTO `photos` (`id`, `user_id`, `description`, `filename`) VALUES ('9', '70', 'Consequatur deserunt perspiciatis omnis quas voluptatem. Non omnis maiores aut quia fugiat sed aut. Maxime eligendi numquam sint iusto et voluptas.', 'ut');
INSERT INTO `photos` (`id`, `user_id`, `description`, `filename`) VALUES ('10', '84', 'Est numquam rerum repudiandae eius sit et consectetur. Enim facere dicta molestiae dolorem. Non et et aperiam sapiente.', 'nihil');
INSERT INTO `photos` (`id`, `user_id`, `description`, `filename`) VALUES ('11', '75', 'Qui distinctio rerum porro qui et iure. Et minima et dolorem explicabo. Incidunt libero sed sequi dolores nisi ut.', 'ad');
INSERT INTO `photos` (`id`, `user_id`, `description`, `filename`) VALUES ('12', '47', 'Aut dolores unde sunt officiis adipisci cupiditate aspernatur. Expedita atque consectetur doloremque et et. Laborum corporis repellat ab odio.', 'molestiae');
INSERT INTO `photos` (`id`, `user_id`, `description`, `filename`) VALUES ('13', '18', 'Provident ea ducimus in a aspernatur aut sed. Laudantium quia tempore architecto dignissimos quaerat aut dolorum. Laborum pariatur sint eum et voluptates.', 'eos');
INSERT INTO `photos` (`id`, `user_id`, `description`, `filename`) VALUES ('14', '2', 'Similique debitis ipsum vero eius hic dicta tempore omnis. Atque ut saepe at nihil. Asperiores deleniti quis amet debitis dolore et voluptas distinctio. Accusamus rerum eaque rerum sed alias.', 'mollitia');
INSERT INTO `photos` (`id`, `user_id`, `description`, `filename`) VALUES ('15', '6', 'Repellendus voluptatibus ipsam aut. Explicabo quibusdam dolorem qui libero eveniet quia. Ut eligendi minima provident quia praesentium. Modi aut adipisci quia qui in.', 'ullam');
INSERT INTO `photos` (`id`, `user_id`, `description`, `filename`) VALUES ('16', '70', 'Consequuntur alias et et dicta repellat dolorem. Maiores sed sed eligendi sint aut aut rerum. Aut aut quia dolorem et itaque voluptas ipsam.', 'rerum');
INSERT INTO `photos` (`id`, `user_id`, `description`, `filename`) VALUES ('17', '20', 'Omnis dolorum vel est. Repudiandae aut vero nostrum voluptas. Illo sit voluptate et quod et est dolorem.', 'numquam');
INSERT INTO `photos` (`id`, `user_id`, `description`, `filename`) VALUES ('18', '90', 'Quas cupiditate et dolor officiis repudiandae debitis vitae consequatur. Deserunt quis totam explicabo soluta. Vero ea saepe harum nesciunt. At unde dignissimos rerum deleniti atque.', 'ut');
INSERT INTO `photos` (`id`, `user_id`, `description`, `filename`) VALUES ('19', '79', 'Asperiores voluptatum iusto maiores. Sit non amet voluptates delectus nobis assumenda. Consectetur possimus qui et quis ad nobis iste.', 'cupiditate');
INSERT INTO `photos` (`id`, `user_id`, `description`, `filename`) VALUES ('20', '46', 'Mollitia dolorem unde deleniti quo ut ullam rerum. Harum veritatis ut blanditiis.', 'et');
INSERT INTO `photos` (`id`, `user_id`, `description`, `filename`) VALUES ('21', '59', 'Fugiat ut commodi tempore molestiae natus. Deserunt ea quisquam perferendis non rem veniam. Maiores quo doloribus aut. Et officiis sunt ratione voluptatibus veniam est eum aliquid.', 'fugit');
INSERT INTO `photos` (`id`, `user_id`, `description`, `filename`) VALUES ('22', '59', 'Fuga corporis dolor velit velit debitis aut. Repudiandae ad eius aut omnis. Sit omnis quo repudiandae id omnis error. Tempore qui consequuntur quaerat ut.', 'voluptatum');
INSERT INTO `photos` (`id`, `user_id`, `description`, `filename`) VALUES ('23', '78', 'Excepturi aliquam qui perferendis optio aperiam pariatur illum. Nam et nemo modi qui deserunt veritatis impedit. Reprehenderit occaecati corrupti ratione odio magnam quisquam vel. Ut ratione sunt id id.', 'asperiores');
INSERT INTO `photos` (`id`, `user_id`, `description`, `filename`) VALUES ('24', '21', 'Neque et perferendis eaque. Quasi et minus et qui aliquid vel. Debitis qui adipisci est distinctio eius. Repellat aut et architecto sunt explicabo ut a pariatur. Omnis natus aut officia quaerat voluptatum praesentium qui.', 'dignissimos');
INSERT INTO `photos` (`id`, `user_id`, `description`, `filename`) VALUES ('25', '6', 'Neque accusantium cupiditate non doloremque. Eius voluptatibus id nam dignissimos rerum sit. Debitis molestiae qui reprehenderit aperiam sed nesciunt voluptatem.', 'inventore');
INSERT INTO `photos` (`id`, `user_id`, `description`, `filename`) VALUES ('26', '61', 'Illo voluptatibus exercitationem perferendis reiciendis eaque. Illo perferendis natus omnis voluptatibus aliquid tempora.', 'facilis');
INSERT INTO `photos` (`id`, `user_id`, `description`, `filename`) VALUES ('27', '47', 'Delectus odit voluptas qui est debitis optio. In officia natus sequi quibusdam ut. Veritatis sed corrupti ut in. Deserunt id occaecati dolor quia est qui quia.', 'qui');
INSERT INTO `photos` (`id`, `user_id`, `description`, `filename`) VALUES ('28', '58', 'Et laboriosam magnam earum exercitationem quisquam earum. Ab amet tempora est sint vero. Est nemo ut et repudiandae nihil molestias.', 'numquam');
INSERT INTO `photos` (`id`, `user_id`, `description`, `filename`) VALUES ('29', '40', 'Illum odit magnam et nihil optio totam qui. Laborum quo est voluptatem labore. Ullam non vitae debitis facilis esse molestiae labore.', 'molestiae');
INSERT INTO `photos` (`id`, `user_id`, `description`, `filename`) VALUES ('30', '88', 'Veritatis ut quos pariatur et in consequatur tenetur. Molestiae qui nobis qui ad voluptas quia rerum pariatur. Incidunt vitae dolor fugiat quia asperiores alias explicabo. Aperiam porro non ut fugit.', 'non');
INSERT INTO `photos` (`id`, `user_id`, `description`, `filename`) VALUES ('31', '16', 'Velit et distinctio omnis sunt aut explicabo. Sint iste et aut est.', 'est');
INSERT INTO `photos` (`id`, `user_id`, `description`, `filename`) VALUES ('32', '2', 'Sit ut sequi rem illo. Necessitatibus corporis magnam fugiat temporibus aut recusandae qui. Et inventore blanditiis dolorem velit ut voluptatem odio.', 'corporis');
INSERT INTO `photos` (`id`, `user_id`, `description`, `filename`) VALUES ('33', '16', 'Qui occaecati officiis accusamus numquam delectus nihil adipisci. Voluptas odio aut et dolorem. Non repellendus voluptatem explicabo voluptate dolores cum. Et repellendus consequatur aliquid consequuntur excepturi qui.', 'iste');
INSERT INTO `photos` (`id`, `user_id`, `description`, `filename`) VALUES ('34', '96', 'Quos eum dolores inventore. Est rerum modi nihil porro adipisci praesentium inventore ea. Et voluptatum mollitia atque et error id unde. Fugiat pariatur temporibus voluptas nihil.', 'eos');
INSERT INTO `photos` (`id`, `user_id`, `description`, `filename`) VALUES ('35', '100', 'Molestiae rerum asperiores delectus et enim dignissimos. Natus in nisi assumenda eos. Rerum dolore vel repudiandae rerum. Animi molestiae tenetur aliquid molestiae ipsum voluptate.', 'facilis');
INSERT INTO `photos` (`id`, `user_id`, `description`, `filename`) VALUES ('36', '23', 'Ex deserunt est reiciendis velit et vitae nisi soluta. Unde asperiores voluptatibus distinctio dolorem ratione ab. Ut voluptates enim sapiente cumque et non culpa.', 'fugit');
INSERT INTO `photos` (`id`, `user_id`, `description`, `filename`) VALUES ('37', '20', 'Quis autem est perspiciatis. Beatae sunt unde dolores rerum. Autem rerum sunt sit eos. Quibusdam sit illo nostrum nisi quia cumque. Beatae excepturi mollitia voluptate libero.', 'minima');
INSERT INTO `photos` (`id`, `user_id`, `description`, `filename`) VALUES ('38', '28', 'Enim qui sint similique dolorum quia dolore aliquid similique. Quia tempora occaecati cum aperiam. Maiores rerum itaque deserunt laboriosam veritatis dolore velit.', 'reiciendis');
INSERT INTO `photos` (`id`, `user_id`, `description`, `filename`) VALUES ('39', '82', 'Labore delectus voluptas omnis velit. Vero maxime illum consequatur minima magni ut. Omnis alias voluptatem atque omnis quas eveniet voluptas. Reprehenderit maxime voluptatem maxime sit consequatur alias. Totam ex dolor repellat facilis saepe fugiat veritatis.', 'corporis');
INSERT INTO `photos` (`id`, `user_id`, `description`, `filename`) VALUES ('40', '90', 'Rerum unde in quo esse aspernatur facere. Incidunt voluptatem ut omnis cupiditate et animi. Eos excepturi numquam quia ipsum illum.', 'quia');
INSERT INTO `photos` (`id`, `user_id`, `description`, `filename`) VALUES ('41', '12', 'Est hic vero et. Voluptatum eum maiores molestiae. Tempora dolorem aut quisquam voluptas voluptas. Cum suscipit quis fugit quia enim quibusdam ut.', 'nobis');
INSERT INTO `photos` (`id`, `user_id`, `description`, `filename`) VALUES ('42', '56', 'Sint sunt libero distinctio. Quidem occaecati iste molestiae omnis earum.', 'a');
INSERT INTO `photos` (`id`, `user_id`, `description`, `filename`) VALUES ('43', '36', 'Voluptate officia ex non sunt explicabo recusandae. Deleniti dicta quasi doloribus in. Maxime mollitia qui quia libero. Assumenda et officia dolores aut sed libero.', 'vel');
INSERT INTO `photos` (`id`, `user_id`, `description`, `filename`) VALUES ('44', '30', 'Debitis suscipit veritatis quia dolorum voluptate. Tempore illo officiis provident ratione quis. Rerum enim autem quas ut asperiores.', 'incidunt');
INSERT INTO `photos` (`id`, `user_id`, `description`, `filename`) VALUES ('45', '57', 'Et eligendi suscipit non enim quas. Aliquam laboriosam soluta velit est vero reprehenderit. Harum assumenda vel occaecati.', 'nulla');
INSERT INTO `photos` (`id`, `user_id`, `description`, `filename`) VALUES ('46', '42', 'Ad occaecati aliquam nihil quia. Facilis sunt vel enim reprehenderit sapiente iste. Repellat et placeat earum sunt. Sunt voluptas sunt veniam ipsam. Accusamus porro eius earum fugiat ut.', 'nam');
INSERT INTO `photos` (`id`, `user_id`, `description`, `filename`) VALUES ('47', '99', 'Est ex eaque dolore laborum voluptatem. Iste corporis natus expedita ut.', 'animi');
INSERT INTO `photos` (`id`, `user_id`, `description`, `filename`) VALUES ('48', '77', 'Veritatis ratione fugit eaque a expedita ratione quia. Maiores sed similique iure voluptatem quia recusandae. Sed est distinctio aut aut.', 'velit');
INSERT INTO `photos` (`id`, `user_id`, `description`, `filename`) VALUES ('49', '31', 'Repellat distinctio numquam eos vitae sit voluptate officiis veniam. Quis eos perferendis ullam non odit. Debitis dolor aut quia. Doloribus quos velit itaque aut nihil numquam sapiente.', 'voluptas');
INSERT INTO `photos` (`id`, `user_id`, `description`, `filename`) VALUES ('50', '78', 'Ratione quia consequatur voluptates non. Voluptates consequatur atque quidem est est ut. Molestiae perferendis possimus sit commodi.', 'quia');
INSERT INTO `photos` (`id`, `user_id`, `description`, `filename`) VALUES ('51', '22', 'Autem nihil id est vero eum reprehenderit. Sint illo commodi culpa cum nesciunt sed eos voluptas. Repellat animi iste ipsa et nulla.', 'et');
INSERT INTO `photos` (`id`, `user_id`, `description`, `filename`) VALUES ('52', '89', 'Exercitationem aut eum sunt nostrum blanditiis. Commodi ex ad ut voluptatem.', 'ut');
INSERT INTO `photos` (`id`, `user_id`, `description`, `filename`) VALUES ('53', '37', 'Est molestiae non ut et quo quis. Porro facere consequatur accusamus mollitia quis porro. Harum excepturi doloribus voluptatibus quis dignissimos sunt. Voluptas sint distinctio dolor quia vero consequatur.', 'optio');
INSERT INTO `photos` (`id`, `user_id`, `description`, `filename`) VALUES ('54', '99', 'Et illo labore saepe consequatur. Porro ipsa exercitationem similique quas maxime asperiores. Error et velit et dolores. Quos soluta corrupti et ratione est molestiae porro.', 'similique');
INSERT INTO `photos` (`id`, `user_id`, `description`, `filename`) VALUES ('55', '10', 'Tempora ab blanditiis fuga laudantium odio ut eos. Et et quia rerum alias nobis. Similique fuga et vitae sunt. Dolorem aut voluptas commodi iusto sed itaque sed.', 'provident');
INSERT INTO `photos` (`id`, `user_id`, `description`, `filename`) VALUES ('56', '42', 'Tempore assumenda rem sint quasi. Aut magnam omnis cum fugit libero esse. Ea impedit neque cupiditate nostrum ipsum placeat. Odit beatae natus soluta tempore aut et.', 'libero');
INSERT INTO `photos` (`id`, `user_id`, `description`, `filename`) VALUES ('57', '60', 'Eius quas rerum saepe quos nesciunt. Vel enim aut nulla deserunt tempore necessitatibus corporis. Cum optio est dolorum corrupti sed laborum veniam. Omnis adipisci ab autem dolores possimus perspiciatis.', 'quod');
INSERT INTO `photos` (`id`, `user_id`, `description`, `filename`) VALUES ('58', '57', 'Odit nisi rem enim praesentium est. Quasi quo et animi.', 'est');
INSERT INTO `photos` (`id`, `user_id`, `description`, `filename`) VALUES ('59', '100', 'A dolorem aut earum nisi rerum sequi. Quos provident et ipsa omnis consequatur voluptatem rem. Velit perferendis nesciunt nesciunt dolor natus cumque rem molestiae.', 'nostrum');
INSERT INTO `photos` (`id`, `user_id`, `description`, `filename`) VALUES ('60', '100', 'Maiores et est maxime. Neque explicabo nihil explicabo laborum quia. Consectetur dolorem corrupti vel est. Unde quisquam eaque sit tempore corporis.', 'est');
INSERT INTO `photos` (`id`, `user_id`, `description`, `filename`) VALUES ('61', '44', 'In accusamus dolorem quis est expedita. Sit reprehenderit ea iste vel. Magni aut molestias pariatur nulla ratione odit vel.', 'consectetur');
INSERT INTO `photos` (`id`, `user_id`, `description`, `filename`) VALUES ('62', '15', 'In omnis delectus velit inventore. Alias ab ut molestiae voluptatem. Perspiciatis nemo quisquam itaque vel sint quo.', 'laborum');
INSERT INTO `photos` (`id`, `user_id`, `description`, `filename`) VALUES ('63', '1', 'Non sint autem at excepturi vel voluptatem. Eligendi deleniti placeat eligendi consequuntur sunt. Iure harum labore officia quo saepe nihil.', 'qui');
INSERT INTO `photos` (`id`, `user_id`, `description`, `filename`) VALUES ('64', '60', 'Rerum eius maiores quas qui animi sequi. Accusantium sed error cum sapiente earum consequuntur cum. Autem rem non dolores. Asperiores qui et natus soluta culpa et voluptatem.', 'qui');
INSERT INTO `photos` (`id`, `user_id`, `description`, `filename`) VALUES ('65', '11', 'Sed expedita laudantium iure et aspernatur nihil. Voluptatum minima hic amet explicabo aliquam rem magni. Suscipit sapiente animi esse et et iste nihil. Ipsa nobis qui ab est. Hic dolore laudantium ea eos blanditiis explicabo aliquid.', 'maiores');
INSERT INTO `photos` (`id`, `user_id`, `description`, `filename`) VALUES ('66', '100', 'Aspernatur ut et cumque doloremque repellendus reprehenderit. Ipsam quos veritatis dolor culpa voluptas. Illo expedita tempora ut nesciunt quo modi molestiae.', 'ipsa');
INSERT INTO `photos` (`id`, `user_id`, `description`, `filename`) VALUES ('67', '82', 'Ad enim ea quaerat. Nihil est similique sed repellat aut sed. Placeat quaerat et iure iure aliquam. Non ut consequatur at.', 'voluptas');
INSERT INTO `photos` (`id`, `user_id`, `description`, `filename`) VALUES ('68', '30', 'Est reprehenderit est recusandae. Ea dolore quia sequi perferendis. Ut aperiam dignissimos eaque odit aperiam.', 'sint');
INSERT INTO `photos` (`id`, `user_id`, `description`, `filename`) VALUES ('69', '28', 'Est sit iste est aliquam odit qui aperiam deserunt. Quos voluptate atque minus laborum. Qui laboriosam eum qui quia. Voluptatem odit assumenda suscipit accusantium cum.', 'beatae');
INSERT INTO `photos` (`id`, `user_id`, `description`, `filename`) VALUES ('70', '64', 'Quos ut repudiandae laborum consequuntur molestiae odit. Qui recusandae dignissimos molestiae cupiditate quidem quae. Eius hic id consectetur nemo incidunt veniam. Repellendus et nobis accusantium aut ea.', 'velit');
INSERT INTO `photos` (`id`, `user_id`, `description`, `filename`) VALUES ('71', '20', 'Voluptatem est pariatur debitis ad repellat. Deleniti officia ut sed sed. Qui itaque tempora quo maxime dolores.', 'saepe');
INSERT INTO `photos` (`id`, `user_id`, `description`, `filename`) VALUES ('72', '40', 'Sapiente natus quibusdam voluptates exercitationem. Odit necessitatibus nihil assumenda fugiat quisquam asperiores.', 'possimus');
INSERT INTO `photos` (`id`, `user_id`, `description`, `filename`) VALUES ('73', '19', 'Quis eaque quibusdam quos fugiat vel blanditiis. In nihil voluptas dolorum id ut. Esse enim repudiandae possimus quos quibusdam quo. Ea laudantium repudiandae eligendi quaerat ut.', 'quasi');
INSERT INTO `photos` (`id`, `user_id`, `description`, `filename`) VALUES ('74', '56', 'Quod ad reiciendis iure. Ex harum ut sed quae. Dolorem officiis quia placeat ipsa ut alias velit libero.', 'assumenda');
INSERT INTO `photos` (`id`, `user_id`, `description`, `filename`) VALUES ('75', '70', 'Nostrum delectus ipsam quibusdam qui. Tempora possimus aut deleniti culpa animi qui. Et error maiores molestiae inventore.', 'ab');
INSERT INTO `photos` (`id`, `user_id`, `description`, `filename`) VALUES ('76', '76', 'Sit qui est sunt at. Numquam suscipit rerum nihil nostrum. Harum consequatur quasi optio dolor vel nostrum animi.', 'rem');
INSERT INTO `photos` (`id`, `user_id`, `description`, `filename`) VALUES ('77', '97', 'Occaecati non ut autem molestiae vel sint similique. Fuga omnis molestiae aut omnis consequatur deleniti. Eius accusantium ratione ducimus.', 'dolores');
INSERT INTO `photos` (`id`, `user_id`, `description`, `filename`) VALUES ('78', '68', 'In veniam ut molestiae eos qui impedit. Recusandae aut a doloremque a deserunt unde accusantium. Aut dolore tempora aut ratione cupiditate nostrum ab doloribus.', 'architecto');
INSERT INTO `photos` (`id`, `user_id`, `description`, `filename`) VALUES ('79', '52', 'Non magnam odio voluptatibus omnis suscipit nostrum. Sint quod hic necessitatibus qui voluptatum. Cum enim quae voluptatibus ex quas temporibus. Veniam eum voluptatem perspiciatis cupiditate ut aut. Nobis sunt sint ut at.', 'rerum');
INSERT INTO `photos` (`id`, `user_id`, `description`, `filename`) VALUES ('80', '28', 'Perferendis ducimus voluptate aut a. Aut ipsam commodi illo. Quas vitae ut in et.', 'rerum');
INSERT INTO `photos` (`id`, `user_id`, `description`, `filename`) VALUES ('81', '45', 'Ut aut aperiam voluptatem odio architecto et explicabo modi. Dolores consequuntur sed cupiditate consectetur sint voluptatem. Dolores officiis odit hic reprehenderit doloribus. Quia laborum officiis eligendi.', 'pariatur');
INSERT INTO `photos` (`id`, `user_id`, `description`, `filename`) VALUES ('82', '74', 'Consequuntur optio ut rerum consequatur iusto excepturi voluptatum non. Fugiat id voluptates commodi temporibus error eum sit.', 'nesciunt');
INSERT INTO `photos` (`id`, `user_id`, `description`, `filename`) VALUES ('83', '16', 'Fugiat provident molestias illo odio tenetur. Error rerum ut quam cupiditate. Consequuntur sapiente labore consectetur ut molestiae. Iusto optio est consectetur qui.', 'nihil');
INSERT INTO `photos` (`id`, `user_id`, `description`, `filename`) VALUES ('84', '81', 'Et dolor ea sunt accusamus eveniet eius et tempora. Omnis tempora tempora iste quia distinctio distinctio. Et est repellendus magni enim. Id quia atque ut reiciendis repudiandae esse.', 'commodi');
INSERT INTO `photos` (`id`, `user_id`, `description`, `filename`) VALUES ('85', '73', 'Sit eligendi voluptas iste non quis nobis. Ut perspiciatis accusantium magnam ab nobis. Harum quod ipsa natus est autem. Est laudantium id nihil est est est et et.', 'ratione');
INSERT INTO `photos` (`id`, `user_id`, `description`, `filename`) VALUES ('86', '26', 'Et esse minima beatae enim quasi aut. Qui et laudantium et aliquid. Ipsum impedit architecto qui earum quos aut neque. Optio qui doloremque voluptatem sed magni corrupti sunt.', 'ad');
INSERT INTO `photos` (`id`, `user_id`, `description`, `filename`) VALUES ('87', '23', 'Sequi est quo voluptatem est quod sint non. Est aliquam pariatur dolorum provident id in. Sequi voluptate hic molestiae. Consequatur odit amet ab et aut aut inventore. Qui quaerat et inventore facere mollitia tenetur.', 'esse');
INSERT INTO `photos` (`id`, `user_id`, `description`, `filename`) VALUES ('88', '32', 'Mollitia sunt dolore consequatur ullam voluptatem iste consequatur molestiae. Officia ut eos sit quia aut. Voluptas deleniti recusandae harum. Et neque est quia officiis.', 'quo');
INSERT INTO `photos` (`id`, `user_id`, `description`, `filename`) VALUES ('89', '82', 'Aut voluptas nisi quod numquam velit voluptas aut optio. Quia fuga reprehenderit sunt et tenetur eum. Hic rem facere accusantium nesciunt laborum et laudantium.', 'officiis');
INSERT INTO `photos` (`id`, `user_id`, `description`, `filename`) VALUES ('90', '22', 'Soluta assumenda inventore ipsa eligendi iste qui et temporibus. Ullam corporis reprehenderit tempora molestias ratione et laudantium sit. Inventore eos impedit voluptatibus enim aliquid sapiente nihil.', 'autem');
INSERT INTO `photos` (`id`, `user_id`, `description`, `filename`) VALUES ('91', '31', 'Voluptatibus molestiae cupiditate labore. Accusantium delectus aperiam laboriosam. Autem quisquam odit sunt quae nihil. Ut inventore nostrum sed vel.', 'rerum');
INSERT INTO `photos` (`id`, `user_id`, `description`, `filename`) VALUES ('92', '26', 'Earum dolorem est cum est ex hic quis vel. Doloribus aspernatur suscipit cum accusantium reiciendis perferendis a.', 'cupiditate');
INSERT INTO `photos` (`id`, `user_id`, `description`, `filename`) VALUES ('93', '37', 'Enim rerum qui quas sint quia ipsam. Inventore iusto qui autem cum sed dolorum est dolor. Est cupiditate necessitatibus veniam qui similique est. Aperiam culpa asperiores delectus eum labore officia consequatur esse.', 'architecto');
INSERT INTO `photos` (`id`, `user_id`, `description`, `filename`) VALUES ('94', '32', 'Nihil dolorum fuga iure voluptate quaerat laborum. Inventore voluptatem tenetur maiores qui eaque et dolorum. Molestiae sunt saepe sit illo aut doloribus consectetur. Totam non sed quas alias consequatur.', 'impedit');
INSERT INTO `photos` (`id`, `user_id`, `description`, `filename`) VALUES ('95', '85', 'Rerum ullam totam sed nihil quam commodi. Eligendi et tempora numquam consectetur. In iste rerum rem consequatur soluta. Aut sit aspernatur ab nulla fugit et est.', 'voluptas');
INSERT INTO `photos` (`id`, `user_id`, `description`, `filename`) VALUES ('96', '48', 'Modi doloremque ut voluptas odio incidunt. Consectetur iusto autem minima tenetur.', 'rerum');
INSERT INTO `photos` (`id`, `user_id`, `description`, `filename`) VALUES ('97', '32', 'Et nisi est fugiat. Voluptas ut rerum aspernatur in. Perferendis ipsum dolores fuga dolore repellendus tempora dicta inventore. Et iste odio cum aut ea aut.', 'sint');
INSERT INTO `photos` (`id`, `user_id`, `description`, `filename`) VALUES ('98', '67', 'Quis in reiciendis ut nesciunt. Temporibus hic molestiae consectetur sed. Mollitia expedita voluptatum accusamus suscipit quo. Quas necessitatibus dolor sunt ut perferendis.', 'cum');
INSERT INTO `photos` (`id`, `user_id`, `description`, `filename`) VALUES ('99', '78', 'Libero aperiam quo iusto fuga. Quia ut incidunt ut nesciunt distinctio. Facilis officia ullam explicabo voluptatem. Porro aut asperiores est. Vero dolorem et placeat et.', 'nesciunt');
INSERT INTO `photos` (`id`, `user_id`, `description`, `filename`) VALUES ('100', '59', 'Nostrum esse sed dolorem doloribus incidunt quo enim. Exercitationem eos quia enim. Laborum perferendis aperiam ut.', 'voluptates');


#
# TABLE STRUCTURE FOR: posts
#

DROP TABLE IF EXISTS `posts`;

CREATE TABLE `posts` (
  `id` bigint(20) unsigned NOT NULL AUTO_INCREMENT,
  `user_id` bigint(20) unsigned NOT NULL,
  `body` text COLLATE utf8_unicode_ci DEFAULT NULL,
  `metadata` longtext CHARACTER SET utf8mb4 COLLATE utf8mb4_bin DEFAULT NULL CHECK (json_valid(`metadata`)),
  `created_at` datetime DEFAULT current_timestamp(),
  `updated_at` datetime DEFAULT current_timestamp() ON UPDATE current_timestamp(),
  PRIMARY KEY (`id`),
  KEY `user_id` (`user_id`),
  CONSTRAINT `posts_ibfk_1` FOREIGN KEY (`user_id`) REFERENCES `users` (`id`)
) ENGINE=InnoDB AUTO_INCREMENT=101 DEFAULT CHARSET=utf8 COLLATE=utf8_unicode_ci;

INSERT INTO `posts` (`id`, `user_id`, `body`, `metadata`, `created_at`, `updated_at`) VALUES ('1', '21', 'Consequatur iure et dolor unde rerum adipisci. Veniam id odio quibusdam minus. Praesentium repudiandae voluptas optio corrupti non. Consequatur quibusdam aliquam quae consectetur inventore exercitationem itaque.', NULL, '1978-09-06 00:27:37', '1985-12-24 14:50:24');
INSERT INTO `posts` (`id`, `user_id`, `body`, `metadata`, `created_at`, `updated_at`) VALUES ('2', '59', 'Eius ut ut possimus et. Tempore odio rerum non impedit voluptatem blanditiis. Maxime omnis possimus rem sed doloribus blanditiis sunt. Facilis sint veritatis aliquid voluptatum occaecati amet ad.', NULL, '2015-01-15 04:14:43', '1995-06-17 11:14:29');
INSERT INTO `posts` (`id`, `user_id`, `body`, `metadata`, `created_at`, `updated_at`) VALUES ('3', '21', 'Distinctio vitae sunt et labore temporibus. Omnis totam asperiores dolorem voluptate sit iure nostrum. Repudiandae sit eum doloremque autem dolores. Maiores aliquam illo nihil est.', NULL, '1996-03-17 08:09:07', '2011-10-13 21:07:22');
INSERT INTO `posts` (`id`, `user_id`, `body`, `metadata`, `created_at`, `updated_at`) VALUES ('4', '61', 'Voluptatem at nemo qui accusamus sapiente eum provident sed. Officia repellat officiis ipsa reiciendis voluptas.', NULL, '1982-10-11 09:53:25', '1981-05-15 21:26:36');
INSERT INTO `posts` (`id`, `user_id`, `body`, `metadata`, `created_at`, `updated_at`) VALUES ('5', '16', 'Libero expedita excepturi maiores odio nihil eaque fugiat provident. Praesentium delectus ut id consequatur voluptatibus magnam. A quo cupiditate odit repellat. Autem ut modi molestiae.', NULL, '1971-09-20 21:56:24', '1996-09-21 20:19:02');
INSERT INTO `posts` (`id`, `user_id`, `body`, `metadata`, `created_at`, `updated_at`) VALUES ('6', '93', 'Ipsam sapiente dignissimos et animi voluptas debitis tempore. Ut omnis voluptatem voluptatem perspiciatis. Quis aut sed temporibus rerum. Voluptas ipsum laboriosam aut aut modi culpa.', NULL, '1974-01-19 11:55:48', '1989-09-02 18:53:25');
INSERT INTO `posts` (`id`, `user_id`, `body`, `metadata`, `created_at`, `updated_at`) VALUES ('7', '38', 'Voluptate consequuntur veritatis eos ut deleniti nihil est. Qui quia libero est excepturi rem dolores excepturi. Est aut non quam sunt sapiente non autem. Dolore nemo aperiam voluptatem ad quo sed sed. Laborum esse at qui expedita.', NULL, '2002-12-24 21:02:11', '2017-06-12 12:53:47');
INSERT INTO `posts` (`id`, `user_id`, `body`, `metadata`, `created_at`, `updated_at`) VALUES ('8', '12', 'Sit ratione est sed nihil. Saepe aperiam quia dolores qui sit. Reiciendis recusandae suscipit dolor adipisci quisquam excepturi. Corporis minima maiores voluptatem doloremque.', NULL, '1971-11-03 07:17:34', '1977-10-25 17:26:29');
INSERT INTO `posts` (`id`, `user_id`, `body`, `metadata`, `created_at`, `updated_at`) VALUES ('9', '35', 'Itaque iste non delectus. Voluptatem placeat natus et autem suscipit. Est aut dolor enim quia non sapiente. Ullam in harum quaerat corporis nam.', NULL, '1985-04-20 15:45:35', '2002-05-13 14:06:37');
INSERT INTO `posts` (`id`, `user_id`, `body`, `metadata`, `created_at`, `updated_at`) VALUES ('10', '24', 'Quidem omnis odio quia ea quis sunt. Voluptas et amet repudiandae voluptatem aliquam.', NULL, '2016-11-23 05:15:54', '2008-08-18 08:51:01');
INSERT INTO `posts` (`id`, `user_id`, `body`, `metadata`, `created_at`, `updated_at`) VALUES ('11', '20', 'Et voluptatem eaque qui autem fugit harum repellat nulla. Maiores harum quis molestias minima. Minima ad optio sunt doloribus voluptatem.', NULL, '2010-06-19 18:01:55', '1985-09-21 10:59:41');
INSERT INTO `posts` (`id`, `user_id`, `body`, `metadata`, `created_at`, `updated_at`) VALUES ('12', '63', 'A odit alias nesciunt officia enim. Error saepe molestiae nihil commodi sit assumenda excepturi. Id odio ad rem error blanditiis vel et ut. Voluptates officiis dolores exercitationem laudantium.', NULL, '1975-09-03 05:18:27', '1987-08-16 07:47:26');
INSERT INTO `posts` (`id`, `user_id`, `body`, `metadata`, `created_at`, `updated_at`) VALUES ('13', '19', 'Eos impedit voluptate qui omnis veniam cupiditate. Maiores tempore tenetur quia voluptatem soluta deserunt. Velit aut hic accusamus ex. Nam quos quibusdam quia eos id beatae.', NULL, '1976-02-03 09:59:28', '2011-06-20 20:08:37');
INSERT INTO `posts` (`id`, `user_id`, `body`, `metadata`, `created_at`, `updated_at`) VALUES ('14', '67', 'Quo non dolorem blanditiis. Saepe assumenda adipisci optio non. In aut nihil nesciunt ex cupiditate.', NULL, '2016-01-05 11:02:42', '2016-02-10 19:45:37');
INSERT INTO `posts` (`id`, `user_id`, `body`, `metadata`, `created_at`, `updated_at`) VALUES ('15', '47', 'Optio alias quas officiis laboriosam. Ut et hic aut et aliquid.', NULL, '2008-10-25 14:59:24', '2008-02-27 07:57:36');
INSERT INTO `posts` (`id`, `user_id`, `body`, `metadata`, `created_at`, `updated_at`) VALUES ('16', '71', 'Eum cum laudantium beatae ut. Alias laudantium non voluptas illum corrupti qui. Quo quis officia ducimus minus.', NULL, '2010-04-24 11:55:43', '1996-11-13 03:50:11');
INSERT INTO `posts` (`id`, `user_id`, `body`, `metadata`, `created_at`, `updated_at`) VALUES ('17', '69', 'Beatae ut praesentium qui voluptatibus cumque laborum nam. Velit ipsam et ut beatae nulla consequatur. Consequatur eligendi voluptatibus porro illo eius. Ut aliquam illum aut ut earum excepturi.', NULL, '1975-08-05 03:05:51', '2012-04-17 03:31:40');
INSERT INTO `posts` (`id`, `user_id`, `body`, `metadata`, `created_at`, `updated_at`) VALUES ('18', '40', 'Autem vel excepturi quam sint. Assumenda qui porro eaque qui autem mollitia quas. In voluptas voluptatem sed temporibus alias aut magnam.', NULL, '2007-08-15 08:26:39', '1971-10-31 03:36:51');
INSERT INTO `posts` (`id`, `user_id`, `body`, `metadata`, `created_at`, `updated_at`) VALUES ('19', '68', 'Excepturi rem occaecati et consequatur laudantium repellendus quo. Aspernatur fugit vitae quis. Voluptate in rerum porro dolores et quisquam consequatur.', NULL, '1997-01-03 20:16:15', '2017-06-06 01:40:49');
INSERT INTO `posts` (`id`, `user_id`, `body`, `metadata`, `created_at`, `updated_at`) VALUES ('20', '6', 'Alias provident quis exercitationem omnis maxime corrupti. Culpa totam consectetur repellendus at. Qui vitae illo ad quidem sit fuga. Mollitia autem id deserunt perferendis exercitationem et est.', NULL, '1993-01-02 15:01:31', '1998-08-31 13:28:49');
INSERT INTO `posts` (`id`, `user_id`, `body`, `metadata`, `created_at`, `updated_at`) VALUES ('21', '6', 'Qui eligendi possimus dolor amet ipsum. Nisi laborum ducimus ex. Quo quam exercitationem corporis doloribus et reiciendis. Assumenda repellendus beatae libero quia laborum quibusdam quod ex.', NULL, '1989-01-09 12:37:36', '1994-03-20 06:08:13');
INSERT INTO `posts` (`id`, `user_id`, `body`, `metadata`, `created_at`, `updated_at`) VALUES ('22', '3', 'Consequatur repellat in et rem mollitia ea vel. Sint et voluptatem sequi ea velit quis ut. Facere blanditiis ut rem suscipit.', NULL, '2012-11-04 11:06:48', '1977-09-28 07:24:05');
INSERT INTO `posts` (`id`, `user_id`, `body`, `metadata`, `created_at`, `updated_at`) VALUES ('23', '4', 'Ut porro dolore enim atque harum qui ut assumenda. Corrupti perferendis qui optio. Exercitationem officia soluta quo fuga impedit amet recusandae.', NULL, '2008-09-08 07:55:03', '1986-04-14 18:55:20');
INSERT INTO `posts` (`id`, `user_id`, `body`, `metadata`, `created_at`, `updated_at`) VALUES ('24', '38', 'Molestiae voluptas deleniti qui repellat. Illo minima et aut. Ex culpa omnis voluptatum occaecati. Iusto soluta sit excepturi mollitia libero iusto adipisci. Sint ut qui quia.', NULL, '1996-07-31 18:09:07', '2018-10-04 15:14:37');
INSERT INTO `posts` (`id`, `user_id`, `body`, `metadata`, `created_at`, `updated_at`) VALUES ('25', '83', 'Omnis quam possimus doloremque ut vero. Iure est mollitia iure aut nisi. Aperiam voluptatem esse error ea voluptatibus. Accusamus omnis tenetur magni repellendus explicabo quis aspernatur. Quae iusto quos nesciunt quidem repudiandae provident.', NULL, '1983-12-29 06:10:25', '1987-11-08 13:37:49');
INSERT INTO `posts` (`id`, `user_id`, `body`, `metadata`, `created_at`, `updated_at`) VALUES ('26', '10', 'Saepe et sit aut. Aut velit voluptatem autem officiis amet sit ut. Ipsum sunt et et nam ut asperiores. Vitae corporis accusantium mollitia qui sed occaecati beatae.', NULL, '1976-10-09 16:05:35', '1988-03-21 20:09:52');
INSERT INTO `posts` (`id`, `user_id`, `body`, `metadata`, `created_at`, `updated_at`) VALUES ('27', '91', 'Voluptas praesentium perspiciatis et at distinctio et voluptates minus. Qui reprehenderit ipsum sed corrupti. Facilis iste explicabo quia aut. Debitis error odio tempora accusantium.', NULL, '2020-01-14 09:24:34', '2008-12-17 11:26:26');
INSERT INTO `posts` (`id`, `user_id`, `body`, `metadata`, `created_at`, `updated_at`) VALUES ('28', '63', 'Alias quo et illum hic delectus natus. Ipsa adipisci quae et aut. Sed quo ut vel vel.', NULL, '2017-04-16 22:35:37', '2005-03-16 01:31:43');
INSERT INTO `posts` (`id`, `user_id`, `body`, `metadata`, `created_at`, `updated_at`) VALUES ('29', '85', 'Alias eos dolorum vero iure dolor sed. Dolorem omnis beatae mollitia doloremque distinctio numquam repudiandae. Molestiae velit odio veritatis ut.', NULL, '2001-04-29 21:55:11', '1978-11-28 10:42:27');
INSERT INTO `posts` (`id`, `user_id`, `body`, `metadata`, `created_at`, `updated_at`) VALUES ('30', '63', 'Praesentium et autem omnis ipsa consequatur reprehenderit. Sequi sed cupiditate sed perspiciatis sunt dolor eum. Possimus molestiae asperiores eum ad. Aliquam aut porro laboriosam provident ut quia et.', NULL, '1971-01-21 01:08:14', '2016-12-12 08:58:29');
INSERT INTO `posts` (`id`, `user_id`, `body`, `metadata`, `created_at`, `updated_at`) VALUES ('31', '68', 'Numquam id id cumque molestias molestias dolore. Fugit est dolorem ab natus. Tempore sed ea odio quia enim maxime reprehenderit optio. Autem deserunt magni unde tempore.', NULL, '1982-05-30 12:07:27', '1983-10-15 06:32:39');
INSERT INTO `posts` (`id`, `user_id`, `body`, `metadata`, `created_at`, `updated_at`) VALUES ('32', '6', 'Vel nesciunt vel eum exercitationem. Id sed impedit sunt et assumenda. Sed omnis magni delectus nam est.', NULL, '1994-04-19 00:43:05', '2017-09-16 12:26:15');
INSERT INTO `posts` (`id`, `user_id`, `body`, `metadata`, `created_at`, `updated_at`) VALUES ('33', '21', 'Velit totam aut delectus ut. Dolorum culpa maxime doloremque ullam dolore repellendus sed. Molestiae corporis et odio incidunt expedita. Sit a nostrum nam eum possimus voluptate.', NULL, '1999-05-27 23:06:23', '2009-09-13 13:07:48');
INSERT INTO `posts` (`id`, `user_id`, `body`, `metadata`, `created_at`, `updated_at`) VALUES ('34', '88', 'Vitae quaerat itaque quod voluptate. Praesentium non quam omnis. Molestias molestiae qui quaerat iure eligendi.', NULL, '2015-01-08 22:48:46', '1974-10-21 10:42:34');
INSERT INTO `posts` (`id`, `user_id`, `body`, `metadata`, `created_at`, `updated_at`) VALUES ('35', '66', 'Non earum tempore officia ipsa cumque. Nemo dicta ipsa maxime blanditiis quo fuga. Similique consequatur deserunt ratione qui optio. Eos velit et facilis velit nihil velit. Repellendus aut reiciendis nihil facilis sint.', NULL, '1989-07-07 00:36:50', '1977-01-16 21:14:30');
INSERT INTO `posts` (`id`, `user_id`, `body`, `metadata`, `created_at`, `updated_at`) VALUES ('36', '37', 'Consequatur est et fuga tempora autem fuga. Ipsam quas sit velit sit saepe quia est. Rerum eius qui magnam consectetur voluptatibus quis molestias.', NULL, '2004-11-06 05:23:06', '1984-04-20 16:57:05');
INSERT INTO `posts` (`id`, `user_id`, `body`, `metadata`, `created_at`, `updated_at`) VALUES ('37', '80', 'Iusto dignissimos modi consequatur dignissimos cupiditate beatae. Fuga quia minus magni magnam ducimus ut. Voluptas maxime suscipit sapiente omnis.', NULL, '1976-07-06 05:29:13', '2003-02-22 06:19:34');
INSERT INTO `posts` (`id`, `user_id`, `body`, `metadata`, `created_at`, `updated_at`) VALUES ('38', '3', 'At pariatur a dolorem odio est asperiores quis officiis. Officiis a qui aut autem vel. Et tenetur autem nisi sit harum illum numquam quisquam.', NULL, '2015-06-19 16:59:47', '1984-08-18 10:31:53');
INSERT INTO `posts` (`id`, `user_id`, `body`, `metadata`, `created_at`, `updated_at`) VALUES ('39', '49', 'Molestiae eos distinctio quia. Ducimus voluptatem iure vitae aut. Et harum facere voluptates laboriosam.', NULL, '1970-12-16 04:02:16', '1979-04-26 02:53:45');
INSERT INTO `posts` (`id`, `user_id`, `body`, `metadata`, `created_at`, `updated_at`) VALUES ('40', '14', 'Nesciunt et eos repellat est. Repellat porro et est incidunt reprehenderit. Repellat eum id ullam doloribus. Illum qui tempore eligendi cupiditate et quasi error ipsum.', NULL, '1991-02-27 06:46:25', '1974-01-26 18:17:55');
INSERT INTO `posts` (`id`, `user_id`, `body`, `metadata`, `created_at`, `updated_at`) VALUES ('41', '27', 'Tenetur quo et voluptatem dolorum molestias voluptate nihil ut. Aut et eius ab dolorum quo enim possimus voluptas.', NULL, '1998-04-22 02:17:31', '2014-01-14 05:18:24');
INSERT INTO `posts` (`id`, `user_id`, `body`, `metadata`, `created_at`, `updated_at`) VALUES ('42', '68', 'Repellendus soluta culpa veniam nesciunt. Aperiam provident omnis optio.', NULL, '1997-01-17 20:52:50', '1981-04-13 08:37:04');
INSERT INTO `posts` (`id`, `user_id`, `body`, `metadata`, `created_at`, `updated_at`) VALUES ('43', '77', 'Alias ut non molestiae quam. Pariatur magnam fugiat excepturi dolor. Quisquam dolorem aperiam ipsum qui. Quo amet debitis quos sint pariatur maxime.', NULL, '1993-05-14 23:27:59', '2003-09-30 04:58:51');
INSERT INTO `posts` (`id`, `user_id`, `body`, `metadata`, `created_at`, `updated_at`) VALUES ('44', '46', 'Ut rerum quo voluptatibus veritatis commodi quibusdam. Qui non soluta voluptatibus officiis cumque laboriosam. Minima vel sit officia nam. Libero expedita odit sit veniam.', NULL, '1996-11-01 19:52:19', '1995-05-26 16:56:34');
INSERT INTO `posts` (`id`, `user_id`, `body`, `metadata`, `created_at`, `updated_at`) VALUES ('45', '35', 'Accusamus blanditiis in voluptatem aliquid est eveniet non voluptatem. Alias sed minima nemo quia. Molestiae expedita sit voluptatibus quae illum et.', NULL, '2002-09-05 13:38:27', '1981-11-05 15:12:58');
INSERT INTO `posts` (`id`, `user_id`, `body`, `metadata`, `created_at`, `updated_at`) VALUES ('46', '23', 'Molestias nulla mollitia dolorem voluptas voluptatem fuga nostrum. Corporis iste officiis reiciendis mollitia.', NULL, '1986-08-14 20:39:10', '1996-03-20 11:15:48');
INSERT INTO `posts` (`id`, `user_id`, `body`, `metadata`, `created_at`, `updated_at`) VALUES ('47', '16', 'Et reiciendis placeat quis facilis. Rerum asperiores distinctio tempora. Autem rerum labore reiciendis quod ad.', NULL, '2017-01-17 13:32:33', '1999-01-25 07:53:12');
INSERT INTO `posts` (`id`, `user_id`, `body`, `metadata`, `created_at`, `updated_at`) VALUES ('48', '4', 'Magnam praesentium aut deserunt aspernatur et ut dicta voluptas. Ex exercitationem dolorem quia ut veniam quaerat. Vel hic est et est iure quibusdam aut. Laborum consectetur porro magnam quis impedit autem.', NULL, '1982-06-13 11:04:43', '2001-03-27 19:54:49');
INSERT INTO `posts` (`id`, `user_id`, `body`, `metadata`, `created_at`, `updated_at`) VALUES ('49', '63', 'Libero tempora at id magni veritatis exercitationem. Minima molestiae et cum eius sapiente molestias ipsam. Reiciendis at et beatae nisi aspernatur. Quia officia laboriosam animi eos aut maiores.', NULL, '1981-01-20 11:37:25', '1988-02-18 10:15:32');
INSERT INTO `posts` (`id`, `user_id`, `body`, `metadata`, `created_at`, `updated_at`) VALUES ('50', '84', 'Sint amet fugiat quis est. Est atque esse sequi incidunt quo voluptatem. Similique eius sed modi qui laboriosam rerum. Delectus deserunt veritatis quasi tempora quibusdam repellendus ullam quidem.', NULL, '1980-02-09 12:15:44', '2009-06-13 23:06:35');
INSERT INTO `posts` (`id`, `user_id`, `body`, `metadata`, `created_at`, `updated_at`) VALUES ('51', '9', 'Aut sapiente totam deleniti expedita. Non autem odit nostrum eum enim quisquam. Vero libero reiciendis autem voluptatem autem eaque repellat. Nostrum vel non quo eum officia error. Est dolor molestiae nemo explicabo reiciendis tempora ut esse.', NULL, '1983-04-29 21:46:58', '2006-02-28 03:19:33');
INSERT INTO `posts` (`id`, `user_id`, `body`, `metadata`, `created_at`, `updated_at`) VALUES ('52', '68', 'Dolor qui rerum maiores. Aut suscipit sit non quia. Omnis laborum unde facilis illum temporibus et ea et.', NULL, '1988-05-02 18:16:40', '1991-12-12 21:50:18');
INSERT INTO `posts` (`id`, `user_id`, `body`, `metadata`, `created_at`, `updated_at`) VALUES ('53', '86', 'Ut quibusdam nihil voluptatem voluptatem. Dicta maiores aut blanditiis quia.', NULL, '1970-03-27 20:40:15', '2018-08-12 23:11:42');
INSERT INTO `posts` (`id`, `user_id`, `body`, `metadata`, `created_at`, `updated_at`) VALUES ('54', '12', 'Non itaque non soluta cumque. Aut nobis voluptatem possimus sed debitis maxime dignissimos. Et omnis repellendus sint quibusdam.', NULL, '1981-10-19 20:00:51', '1975-07-20 22:55:55');
INSERT INTO `posts` (`id`, `user_id`, `body`, `metadata`, `created_at`, `updated_at`) VALUES ('55', '5', 'In iste perferendis voluptatem consequatur qui dolorem. Est alias eveniet voluptatem sunt.', NULL, '2004-11-29 23:12:19', '2011-09-09 16:27:40');
INSERT INTO `posts` (`id`, `user_id`, `body`, `metadata`, `created_at`, `updated_at`) VALUES ('56', '69', 'Omnis sapiente quaerat blanditiis eius omnis illo. Quis ut qui perspiciatis autem sint est. Praesentium vitae distinctio id accusantium et officia. Eum officia autem consequuntur inventore itaque est maiores.', NULL, '1974-09-18 12:50:00', '1971-01-03 19:11:45');
INSERT INTO `posts` (`id`, `user_id`, `body`, `metadata`, `created_at`, `updated_at`) VALUES ('57', '22', 'Consequuntur dignissimos voluptatem voluptatem deleniti nobis eos et. Illum cumque et cum et dolore. Sed doloremque eos rerum fugiat officiis provident ex quibusdam. Modi delectus at sint quo vitae.', NULL, '1972-07-08 02:00:48', '2012-04-18 23:46:03');
INSERT INTO `posts` (`id`, `user_id`, `body`, `metadata`, `created_at`, `updated_at`) VALUES ('58', '95', 'Tenetur sunt facere assumenda consectetur neque nulla ad. Asperiores molestiae natus dolorum vitae enim quis. Corrupti exercitationem quos qui aliquid.', NULL, '1990-09-24 19:26:32', '2012-11-23 10:43:01');
INSERT INTO `posts` (`id`, `user_id`, `body`, `metadata`, `created_at`, `updated_at`) VALUES ('59', '32', 'Voluptatum laudantium voluptatem sed laudantium qui. Sint aspernatur eos vel expedita culpa ratione maiores. Ab omnis incidunt ab ipsa.', NULL, '1978-02-15 20:42:52', '1992-01-10 17:19:57');
INSERT INTO `posts` (`id`, `user_id`, `body`, `metadata`, `created_at`, `updated_at`) VALUES ('60', '6', 'Omnis quia rerum accusamus. Sunt tenetur excepturi natus sint.', NULL, '1997-01-29 18:49:14', '2019-11-11 10:06:31');
INSERT INTO `posts` (`id`, `user_id`, `body`, `metadata`, `created_at`, `updated_at`) VALUES ('61', '57', 'Enim sint delectus minus voluptas rerum et eaque recusandae. Modi reiciendis et impedit aut velit. Voluptatem amet vel qui non tenetur. Et ad pariatur libero repellendus praesentium laboriosam voluptate sint.', NULL, '2001-10-17 20:04:49', '1973-12-21 07:32:28');
INSERT INTO `posts` (`id`, `user_id`, `body`, `metadata`, `created_at`, `updated_at`) VALUES ('62', '99', 'Voluptatem magnam ut et et ipsa harum. Doloribus cupiditate voluptas ab est velit. Sunt nihil sunt est eaque doloremque eos rem harum. Sit velit expedita ipsam. Ducimus illum et ut cumque vel excepturi.', NULL, '2018-05-12 09:54:48', '2018-09-30 02:17:55');
INSERT INTO `posts` (`id`, `user_id`, `body`, `metadata`, `created_at`, `updated_at`) VALUES ('63', '11', 'Et voluptatem vel voluptatum et est beatae sequi. Nobis qui quidem excepturi ut exercitationem perspiciatis sapiente. Esse sit consequatur impedit consequuntur asperiores commodi.', NULL, '2009-01-24 11:02:29', '2013-01-04 07:09:14');
INSERT INTO `posts` (`id`, `user_id`, `body`, `metadata`, `created_at`, `updated_at`) VALUES ('64', '78', 'Nesciunt quam aut sit odio ea maxime est. Rerum dignissimos esse atque ratione. Ut quidem necessitatibus modi vel. Dolorem perspiciatis minima excepturi ut velit nihil veritatis corporis.', NULL, '1992-02-03 22:38:37', '2014-10-28 10:28:29');
INSERT INTO `posts` (`id`, `user_id`, `body`, `metadata`, `created_at`, `updated_at`) VALUES ('65', '87', 'Aut aut quia dignissimos commodi ex ut. Fuga dolorem nisi ad corporis deleniti tempore fuga.', NULL, '1997-01-10 07:57:16', '2017-07-09 16:16:32');
INSERT INTO `posts` (`id`, `user_id`, `body`, `metadata`, `created_at`, `updated_at`) VALUES ('66', '77', 'Iusto fugiat veniam atque architecto sapiente et pariatur. Est et vel reprehenderit dolor nesciunt ut. Voluptas qui beatae ad et quod.', NULL, '1989-12-01 04:09:08', '2020-02-19 02:21:14');
INSERT INTO `posts` (`id`, `user_id`, `body`, `metadata`, `created_at`, `updated_at`) VALUES ('67', '15', 'Deleniti quo ratione saepe eaque fugit iste doloribus. Totam dolores quisquam molestiae quia. Enim maiores necessitatibus labore sequi molestias perspiciatis.', NULL, '1984-08-05 07:04:35', '2015-01-01 14:18:16');
INSERT INTO `posts` (`id`, `user_id`, `body`, `metadata`, `created_at`, `updated_at`) VALUES ('68', '67', 'Aut aperiam ea deleniti ad adipisci amet. Blanditiis et non quia saepe. Aut voluptate autem sit voluptas cum ut.', NULL, '2020-06-04 10:29:52', '1997-10-16 03:27:52');
INSERT INTO `posts` (`id`, `user_id`, `body`, `metadata`, `created_at`, `updated_at`) VALUES ('69', '80', 'Cum eum aut repellat mollitia quaerat. Iure accusamus nam soluta. Vel ab non eos placeat autem itaque.', NULL, '1983-12-12 23:15:40', '1988-06-28 05:08:55');
INSERT INTO `posts` (`id`, `user_id`, `body`, `metadata`, `created_at`, `updated_at`) VALUES ('70', '63', 'Quasi non amet dolorem nulla. Earum excepturi dicta voluptate maxime. Corrupti corporis qui maiores exercitationem incidunt tempore. Aliquam ducimus ut commodi.', NULL, '2005-10-16 23:41:43', '2014-06-11 19:35:11');
INSERT INTO `posts` (`id`, `user_id`, `body`, `metadata`, `created_at`, `updated_at`) VALUES ('71', '80', 'Facere sit nobis ex qui consequatur aut temporibus voluptatem. Ipsum voluptas dolorem est. Occaecati ipsam repellendus occaecati maxime.', NULL, '1977-03-08 09:45:09', '1992-05-14 15:16:14');
INSERT INTO `posts` (`id`, `user_id`, `body`, `metadata`, `created_at`, `updated_at`) VALUES ('72', '6', 'Ab unde quaerat non corporis. Autem vel voluptas enim voluptatem. Deserunt nobis soluta eum reprehenderit corrupti laudantium autem.', NULL, '2013-12-09 13:57:09', '2016-12-01 17:21:39');
INSERT INTO `posts` (`id`, `user_id`, `body`, `metadata`, `created_at`, `updated_at`) VALUES ('73', '31', 'Quis hic et explicabo eum dolorem sunt atque. Quod ratione corporis in atque culpa aut. Sit sint dignissimos quod laudantium. Eaque deleniti at nam asperiores consequatur odio sint totam.', NULL, '1988-09-26 02:47:53', '1974-12-06 19:58:24');
INSERT INTO `posts` (`id`, `user_id`, `body`, `metadata`, `created_at`, `updated_at`) VALUES ('74', '57', 'Consequuntur dolorum omnis aut et excepturi quas illo. Eius et tempora sit aliquid sint pariatur. Est aperiam delectus qui reiciendis. Praesentium et molestiae libero.', NULL, '1988-08-30 02:00:48', '1984-01-22 12:35:16');
INSERT INTO `posts` (`id`, `user_id`, `body`, `metadata`, `created_at`, `updated_at`) VALUES ('75', '51', 'Itaque omnis explicabo et qui corrupti. Ea repellendus fugiat perspiciatis. Incidunt aut distinctio voluptates.', NULL, '1996-04-19 06:34:09', '1986-08-19 17:50:59');
INSERT INTO `posts` (`id`, `user_id`, `body`, `metadata`, `created_at`, `updated_at`) VALUES ('76', '65', 'Esse ut provident fuga ducimus sunt suscipit. Saepe consequuntur numquam totam voluptatum quia fugit. Saepe provident consequatur optio nemo officia vitae. Maxime qui eos eos sunt omnis dolor. Ratione et modi corrupti iste.', NULL, '1988-05-16 10:31:05', '1970-09-25 22:52:49');
INSERT INTO `posts` (`id`, `user_id`, `body`, `metadata`, `created_at`, `updated_at`) VALUES ('77', '80', 'Excepturi odio distinctio repudiandae. Laborum maxime velit qui maiores et et nihil. Accusantium omnis iure corporis dolorum vitae autem aut sed. Dignissimos est omnis facere et fugiat.', NULL, '2016-11-12 07:12:09', '1981-02-07 09:25:54');
INSERT INTO `posts` (`id`, `user_id`, `body`, `metadata`, `created_at`, `updated_at`) VALUES ('78', '67', 'Aut et repellendus et. Est est enim iure dolores molestias voluptate. Qui velit rerum voluptatem aliquid in doloremque omnis nisi.', NULL, '1990-03-16 19:23:12', '1975-08-09 16:17:23');
INSERT INTO `posts` (`id`, `user_id`, `body`, `metadata`, `created_at`, `updated_at`) VALUES ('79', '69', 'Dolorum voluptatem non quis ex sit et iste nihil. Laudantium qui tempora nam et rerum. Et autem id non aut officia eaque sit quia. Eos praesentium at dolores dolores dolorem animi.', NULL, '2000-08-28 20:26:17', '2016-05-04 18:48:49');
INSERT INTO `posts` (`id`, `user_id`, `body`, `metadata`, `created_at`, `updated_at`) VALUES ('80', '42', 'Expedita sunt voluptatem quaerat commodi quos aut aliquid. Repellat quas voluptas enim molestias harum nobis dolor. Maxime ratione ad vel reprehenderit.', NULL, '1981-01-14 11:40:21', '2015-09-30 01:16:24');
INSERT INTO `posts` (`id`, `user_id`, `body`, `metadata`, `created_at`, `updated_at`) VALUES ('81', '50', 'Iure nisi voluptatem velit assumenda. Placeat officia aut voluptate beatae vel minima eos. Sapiente quidem iusto repellat voluptatem quaerat odit quo.', NULL, '2003-08-29 06:25:47', '1973-03-30 00:42:18');
INSERT INTO `posts` (`id`, `user_id`, `body`, `metadata`, `created_at`, `updated_at`) VALUES ('82', '77', 'Quod laboriosam atque iure fugiat in ut est dolore. Quasi vel sit exercitationem aliquam numquam ipsum hic iusto. Eum ullam qui et similique nihil. Dolores unde vero repellendus iste et et ea.', NULL, '2016-06-19 21:32:00', '2011-02-15 04:11:17');
INSERT INTO `posts` (`id`, `user_id`, `body`, `metadata`, `created_at`, `updated_at`) VALUES ('83', '9', 'Vitae odit est in quis est laborum quam. Dicta qui necessitatibus quidem porro fugit non et mollitia. Nulla dignissimos quidem explicabo quia omnis libero. Quis velit perferendis dolor sint.', NULL, '1985-04-08 23:16:56', '2008-06-14 12:31:38');
INSERT INTO `posts` (`id`, `user_id`, `body`, `metadata`, `created_at`, `updated_at`) VALUES ('84', '36', 'Molestiae eligendi corrupti enim. Et assumenda at quas est. Illum aut accusantium voluptatem. Odit vitae beatae ut.', NULL, '1980-10-11 10:08:55', '1998-02-24 00:13:29');
INSERT INTO `posts` (`id`, `user_id`, `body`, `metadata`, `created_at`, `updated_at`) VALUES ('85', '88', 'Delectus voluptatum earum qui quia et. Dolorem et asperiores velit et. Modi modi nulla et sed rem. Quos quidem sit voluptas voluptatibus. Aut blanditiis quis ab maiores aut eos.', NULL, '1972-11-12 16:10:36', '1997-06-02 16:03:58');
INSERT INTO `posts` (`id`, `user_id`, `body`, `metadata`, `created_at`, `updated_at`) VALUES ('86', '14', 'Sit in rem et voluptates omnis consectetur et. Commodi nam molestiae placeat dolorem enim.', NULL, '2000-01-08 11:10:23', '2009-07-05 19:19:41');
INSERT INTO `posts` (`id`, `user_id`, `body`, `metadata`, `created_at`, `updated_at`) VALUES ('87', '5', 'Nisi maxime at molestiae ducimus incidunt tempora aut. Tenetur cum aperiam cupiditate quisquam adipisci fugiat. Vitae sit laborum et.', NULL, '1987-12-29 02:19:07', '2007-12-30 07:42:55');
INSERT INTO `posts` (`id`, `user_id`, `body`, `metadata`, `created_at`, `updated_at`) VALUES ('88', '9', 'Exercitationem distinctio consectetur tempora et et aut doloremque. Consequuntur labore et odio. Ad corporis quia inventore id. Dolores accusamus commodi esse cupiditate. Similique voluptas exercitationem in cupiditate autem.', NULL, '1993-11-19 09:45:06', '2015-09-19 08:35:26');
INSERT INTO `posts` (`id`, `user_id`, `body`, `metadata`, `created_at`, `updated_at`) VALUES ('89', '8', 'Est ab adipisci accusamus libero maxime est nobis. Voluptatum esse dolor deserunt aut sit ratione deleniti. Sint cumque dicta debitis.', NULL, '2006-04-18 15:34:38', '1996-03-23 03:06:05');
INSERT INTO `posts` (`id`, `user_id`, `body`, `metadata`, `created_at`, `updated_at`) VALUES ('90', '36', 'Nisi veritatis harum dolor assumenda qui aliquam. Et eaque rerum cumque ut nihil. Eius ipsam velit ea alias voluptates quas consequatur. Tempora est cupiditate facilis eaque architecto nesciunt adipisci.', NULL, '2007-01-09 19:23:10', '1985-04-18 10:23:52');
INSERT INTO `posts` (`id`, `user_id`, `body`, `metadata`, `created_at`, `updated_at`) VALUES ('91', '15', 'Id rem aliquid tenetur quis est. Iusto quasi voluptatem laudantium et enim ut dolores. Molestiae voluptas quos eos velit nisi. Cum quibusdam asperiores aut ut omnis quae provident.', NULL, '1977-04-30 18:11:58', '2012-12-26 10:51:13');
INSERT INTO `posts` (`id`, `user_id`, `body`, `metadata`, `created_at`, `updated_at`) VALUES ('92', '65', 'Expedita officiis quia reprehenderit molestiae. Debitis recusandae quibusdam blanditiis dicta qui pariatur. Reprehenderit blanditiis itaque rerum architecto.', NULL, '2020-08-04 03:08:50', '2003-08-12 12:59:34');
INSERT INTO `posts` (`id`, `user_id`, `body`, `metadata`, `created_at`, `updated_at`) VALUES ('93', '35', 'Voluptatem quam sed tempora. Est eum excepturi provident beatae odio dignissimos non. Delectus porro facilis ut eos quasi ullam suscipit.', NULL, '1993-01-08 23:05:05', '2017-06-21 21:48:07');
INSERT INTO `posts` (`id`, `user_id`, `body`, `metadata`, `created_at`, `updated_at`) VALUES ('94', '25', 'Mollitia consequuntur porro dignissimos perspiciatis minima voluptas et tenetur. Ex ipsum autem laboriosam tempora enim quia velit. Consequatur nostrum qui sint alias est molestias qui inventore. Voluptates nihil suscipit consequatur exercitationem.', NULL, '1973-01-26 09:30:28', '1993-04-30 09:15:35');
INSERT INTO `posts` (`id`, `user_id`, `body`, `metadata`, `created_at`, `updated_at`) VALUES ('95', '43', 'Sit cumque beatae in itaque nihil qui repudiandae. Facere nam dolor vitae eum at occaecati sunt. Omnis fuga fuga sit est ratione nihil rerum accusamus.', NULL, '1980-06-30 10:04:52', '2013-05-11 09:58:38');
INSERT INTO `posts` (`id`, `user_id`, `body`, `metadata`, `created_at`, `updated_at`) VALUES ('96', '21', 'Deleniti corporis eligendi voluptas aut. Dolorem adipisci ut dolor debitis ipsa ducimus et. Provident mollitia maiores omnis. Excepturi impedit voluptas corporis provident aut neque. Nemo id et recusandae commodi.', NULL, '1981-02-21 12:50:05', '1986-09-27 14:56:33');
INSERT INTO `posts` (`id`, `user_id`, `body`, `metadata`, `created_at`, `updated_at`) VALUES ('97', '2', 'Quo totam rerum consequatur molestiae blanditiis sunt. Ipsam non sequi earum repellendus. Sint qui beatae voluptas quaerat doloribus ullam quibusdam adipisci.', NULL, '1975-10-02 18:13:41', '2009-08-17 23:17:43');
INSERT INTO `posts` (`id`, `user_id`, `body`, `metadata`, `created_at`, `updated_at`) VALUES ('98', '58', 'Sunt quia hic temporibus eius maiores voluptatem amet. Officia enim et est et totam sequi. Voluptas rem qui occaecati ea et occaecati. Nemo aut laborum omnis doloribus et.', NULL, '2002-09-05 16:21:46', '1982-01-19 09:01:24');
INSERT INTO `posts` (`id`, `user_id`, `body`, `metadata`, `created_at`, `updated_at`) VALUES ('99', '87', 'Nihil ut aspernatur quos consequatur repellendus aliquam quae ut. Quo ipsam voluptatem et repellat quo iste aut quo.', NULL, '2005-03-24 12:30:09', '1993-01-02 03:01:56');
INSERT INTO `posts` (`id`, `user_id`, `body`, `metadata`, `created_at`, `updated_at`) VALUES ('100', '81', 'Et consectetur autem corporis velit numquam voluptate. Molestias sit et quia illum nesciunt nobis. Tempore ipsa eos sunt harum ipsam fuga.', NULL, '1985-09-18 11:48:13', '2017-03-02 20:30:48');


#
# TABLE STRUCTURE FOR: users
#

DROP TABLE IF EXISTS `users`;

CREATE TABLE `users` (
  `id` bigint(20) unsigned NOT NULL AUTO_INCREMENT,
  `name` varchar(50) COLLATE utf8_unicode_ci DEFAULT NULL,
  `surname` varchar(50) COLLATE utf8_unicode_ci DEFAULT NULL,
  `email` varchar(120) COLLATE utf8_unicode_ci DEFAULT NULL,
  `phone` bigint(20) DEFAULT NULL,
  `gender` char(1) COLLATE utf8_unicode_ci DEFAULT NULL,
  `birthday` date DEFAULT NULL,
  `hometown` varchar(50) COLLATE utf8_unicode_ci DEFAULT NULL,
  `photo_id` bigint(20) unsigned DEFAULT NULL,
  `pass` char(50) COLLATE utf8_unicode_ci DEFAULT NULL,
  `created_ad` datetime DEFAULT current_timestamp(),
  PRIMARY KEY (`id`),
  UNIQUE KEY `email` (`email`),
  KEY `phone` (`phone`),
  KEY `email_2` (`email`),
  KEY `name` (`name`,`surname`)
) ENGINE=InnoDB AUTO_INCREMENT=101 DEFAULT CHARSET=utf8 COLLATE=utf8_unicode_ci;

INSERT INTO `users` (`id`, `name`, `surname`, `email`, `phone`, `gender`, `birthday`, `hometown`, `photo_id`, `pass`, `created_ad`) VALUES ('1', 'Kacey', 'Schowalter', 'qrussel@example.org', '1', 'm', '1984-04-04', 'Roobborough', '5', '368aa36f9f14c65858b1f4c65a3e5d12', '2012-07-01 06:43:42');
INSERT INTO `users` (`id`, `name`, `surname`, `email`, `phone`, `gender`, `birthday`, `hometown`, `photo_id`, `pass`, `created_ad`) VALUES ('2', 'Breanna', 'Langworth', 'rachel.sipes@example.net', '0', 'm', '2006-06-05', 'New Alanisside', '5', '549307567f92be9a042e638a7c1f3e5c', '2009-04-25 04:36:26');
INSERT INTO `users` (`id`, `name`, `surname`, `email`, `phone`, `gender`, `birthday`, `hometown`, `photo_id`, `pass`, `created_ad`) VALUES ('3', 'Maybelle', 'Hudson', 'bechtelar.matilda@example.net', '1', 'm', '2002-04-16', 'North Aubreeburgh', '1', '671cc060e167ceaab4f32eee33f98c8b', '1980-12-05 20:15:01');
INSERT INTO `users` (`id`, `name`, `surname`, `email`, `phone`, `gender`, `birthday`, `hometown`, `photo_id`, `pass`, `created_ad`) VALUES ('4', 'Dan', 'Wolff', 'kiarra77@example.com', '94', 'm', '1972-05-28', 'Donnellyhaven', '1', '3071a2823a4d54403fa84abc6891c908', '2017-04-15 02:42:06');
INSERT INTO `users` (`id`, `name`, `surname`, `email`, `phone`, `gender`, `birthday`, `hometown`, `photo_id`, `pass`, `created_ad`) VALUES ('5', 'Kirsten', 'Hilll', 'elva87@example.com', '1', 'f', '2006-10-03', 'North Enos', '8', '0637cab5abf328476ceb4000ee7e1c3e', '2004-05-27 21:42:18');
INSERT INTO `users` (`id`, `name`, `surname`, `email`, `phone`, `gender`, `birthday`, `hometown`, `photo_id`, `pass`, `created_ad`) VALUES ('6', 'Paolo', 'Greenholt', 'immanuel.bogan@example.com', '879', 'f', '1980-06-28', 'Haneland', '4', '6209ac1bd5286a3204f37b062112251a', '2002-03-12 04:17:27');
INSERT INTO `users` (`id`, `name`, `surname`, `email`, `phone`, `gender`, `birthday`, `hometown`, `photo_id`, `pass`, `created_ad`) VALUES ('7', 'Eve', 'Wiza', 'belle38@example.com', '407', 'm', '2003-01-28', 'East Priceberg', '7', 'ef2c111c49c1715e3c22492ff9be1866', '2018-02-21 09:21:36');
INSERT INTO `users` (`id`, `name`, `surname`, `email`, `phone`, `gender`, `birthday`, `hometown`, `photo_id`, `pass`, `created_ad`) VALUES ('8', 'Maci', 'Hirthe', 'karina.toy@example.net', '8415886103', 'f', '1996-05-16', 'Lake Glenda', '3', '4a702fb268bbb51317e592b449d13b82', '2012-09-23 07:45:34');
INSERT INTO `users` (`id`, `name`, `surname`, `email`, `phone`, `gender`, `birthday`, `hometown`, `photo_id`, `pass`, `created_ad`) VALUES ('9', 'Lillian', 'Kutch', 'lang.edmond@example.com', '996', 'm', '1983-05-04', 'Aubreeborough', '7', 'fd61914c73a2c5f6ab7706371ec99a79', '2010-04-26 22:03:43');
INSERT INTO `users` (`id`, `name`, `surname`, `email`, `phone`, `gender`, `birthday`, `hometown`, `photo_id`, `pass`, `created_ad`) VALUES ('10', 'Jennings', 'Kessler', 'murphy.pouros@example.org', '209', 'm', '2015-10-23', 'Gutmannside', '0', '2743f65e753c6765119dbc29835d5cb3', '2020-03-23 09:26:19');
INSERT INTO `users` (`id`, `name`, `surname`, `email`, `phone`, `gender`, `birthday`, `hometown`, `photo_id`, `pass`, `created_ad`) VALUES ('11', 'Vance', 'Stark', 'blair13@example.org', '73', 'm', '1997-06-17', 'Vernonside', '0', '2d2b1e84172eb4aae80f3223d9c2eddc', '2005-06-30 20:59:45');
INSERT INTO `users` (`id`, `name`, `surname`, `email`, `phone`, `gender`, `birthday`, `hometown`, `photo_id`, `pass`, `created_ad`) VALUES ('12', 'Clement', 'Mosciski', 'leffler.jesse@example.net', '600878', 'f', '2001-09-15', 'Shaniaville', '7', '8a306cba1ccc91d20a2e88044f257750', '1992-09-27 11:05:34');
INSERT INTO `users` (`id`, `name`, `surname`, `email`, `phone`, `gender`, `birthday`, `hometown`, `photo_id`, `pass`, `created_ad`) VALUES ('13', 'Mckenna', 'Hane', 'golda48@example.org', '1', 'f', '2004-08-14', 'Predovicland', '2', '78d6158dd8eedb60963a38cb13c66068', '2020-05-02 22:15:13');
INSERT INTO `users` (`id`, `name`, `surname`, `email`, `phone`, `gender`, `birthday`, `hometown`, `photo_id`, `pass`, `created_ad`) VALUES ('14', 'Javier', 'Harber', 'orath@example.org', '64', 'f', '1998-08-19', 'South Chaim', '9', '198a7b7cb856497d108ec0cf5edd1bbd', '2014-01-10 12:09:12');
INSERT INTO `users` (`id`, `name`, `surname`, `email`, `phone`, `gender`, `birthday`, `hometown`, `photo_id`, `pass`, `created_ad`) VALUES ('15', 'Lafayette', 'Kuhn', 'kub.arjun@example.net', '6821149555', 'f', '1976-09-25', 'South Cordell', '8', 'b02886965933dff92e6cbb259e0793d5', '1979-12-17 19:31:41');
INSERT INTO `users` (`id`, `name`, `surname`, `email`, `phone`, `gender`, `birthday`, `hometown`, `photo_id`, `pass`, `created_ad`) VALUES ('16', 'Germaine', 'Ebert', 'maida.kunze@example.org', '2053859589', 'f', '2016-09-28', 'New Malikatown', '3', 'db850a9ba20567e1636dcd3f32aef6cb', '1986-12-15 18:28:31');
INSERT INTO `users` (`id`, `name`, `surname`, `email`, `phone`, `gender`, `birthday`, `hometown`, `photo_id`, `pass`, `created_ad`) VALUES ('17', 'Joannie', 'Labadie', 'jbode@example.com', '100', 'm', '1997-09-06', 'East Queenie', '5', '9c0ea92d5f6d01c9c3eaf0488650b5ba', '2017-11-21 01:18:47');
INSERT INTO `users` (`id`, `name`, `surname`, `email`, `phone`, `gender`, `birthday`, `hometown`, `photo_id`, `pass`, `created_ad`) VALUES ('18', 'Laurence', 'Jerde', 'lucio14@example.com', '1', 'm', '1982-07-02', 'Bergnaumland', '9', '30600490725c232084cc3a5862904ddb', '1975-09-06 11:55:32');
INSERT INTO `users` (`id`, `name`, `surname`, `email`, `phone`, `gender`, `birthday`, `hometown`, `photo_id`, `pass`, `created_ad`) VALUES ('19', 'Harley', 'Upton', 'dorris.haag@example.net', '1', 'm', '1989-02-09', 'Lorenzhaven', '4', '664613231cbd4fb694b209b5ba65c9ca', '1991-08-31 16:42:56');
INSERT INTO `users` (`id`, `name`, `surname`, `email`, `phone`, `gender`, `birthday`, `hometown`, `photo_id`, `pass`, `created_ad`) VALUES ('20', 'Vidal', 'Cronin', 'norval23@example.org', '6020054892', 'm', '2006-08-26', 'Buckland', '1', 'f2e07ea9c659e1a92afbdb7c326ed4dd', '1975-07-06 00:40:04');
INSERT INTO `users` (`id`, `name`, `surname`, `email`, `phone`, `gender`, `birthday`, `hometown`, `photo_id`, `pass`, `created_ad`) VALUES ('21', 'Hellen', 'Mayer', 'kulas.lenora@example.net', '0', 'm', '1988-04-28', 'Kingfort', '9', 'd9cf870ff50d9582ac333820403ba677', '2001-01-10 02:26:34');
INSERT INTO `users` (`id`, `name`, `surname`, `email`, `phone`, `gender`, `birthday`, `hometown`, `photo_id`, `pass`, `created_ad`) VALUES ('22', 'Ada', 'Lubowitz', 'ally.mertz@example.org', '1238243115', 'm', '1989-08-10', 'South Carlosshire', '2', 'c17d32183f37382b6324bf2bb1d5e5b0', '1971-07-29 18:42:47');
INSERT INTO `users` (`id`, `name`, `surname`, `email`, `phone`, `gender`, `birthday`, `hometown`, `photo_id`, `pass`, `created_ad`) VALUES ('23', 'Dianna', 'Beer', 'haag.nikki@example.com', '457', 'm', '2003-09-14', 'South Keelymouth', '7', 'cd71c238551c05b2507af30da3c94b2b', '2014-11-26 13:31:09');
INSERT INTO `users` (`id`, `name`, `surname`, `email`, `phone`, `gender`, `birthday`, `hometown`, `photo_id`, `pass`, `created_ad`) VALUES ('24', 'Vivien', 'Oberbrunner', 'marguerite.smith@example.com', '901', 'm', '2002-08-04', 'Austenburgh', '2', 'b45ed4340d867e4df017463899d16773', '2004-11-29 16:30:40');
INSERT INTO `users` (`id`, `name`, `surname`, `email`, `phone`, `gender`, `birthday`, `hometown`, `photo_id`, `pass`, `created_ad`) VALUES ('25', 'Maximus', 'Mitchell', 'lisette61@example.org', '0', 'f', '1981-03-06', 'East Moniqueland', '0', '92526acc5c6d51e1990f5076310d8dd1', '1985-01-02 22:36:09');
INSERT INTO `users` (`id`, `name`, `surname`, `email`, `phone`, `gender`, `birthday`, `hometown`, `photo_id`, `pass`, `created_ad`) VALUES ('26', 'Kristin', 'Bogisich', 'clemens99@example.org', '0', 'm', '1974-01-15', 'Prosaccoberg', '9', '05511419ec69603722c66397894921c6', '1973-12-16 01:31:52');
INSERT INTO `users` (`id`, `name`, `surname`, `email`, `phone`, `gender`, `birthday`, `hometown`, `photo_id`, `pass`, `created_ad`) VALUES ('27', 'Eulah', 'O\'Conner', 'cole.elmore@example.com', '0', 'm', '2016-06-21', 'New Marcel', '2', '7823191ffadcadd35770bc692f18938c', '2017-04-20 23:48:05');
INSERT INTO `users` (`id`, `name`, `surname`, `email`, `phone`, `gender`, `birthday`, `hometown`, `photo_id`, `pass`, `created_ad`) VALUES ('28', 'Adolfo', 'Kuhic', 'gina18@example.net', '0', 'm', '1997-11-27', 'Delorestown', '9', '511dcbb401b907fa1458ef754ec3c504', '2010-08-18 00:54:02');
INSERT INTO `users` (`id`, `name`, `surname`, `email`, `phone`, `gender`, `birthday`, `hometown`, `photo_id`, `pass`, `created_ad`) VALUES ('29', 'Thomas', 'Mertz', 'lschimmel@example.net', '0', 'm', '2006-06-02', 'Mckenzieshire', '3', '5ba5daf5a3579ae7d3ca6f7e6785f463', '2001-09-10 20:34:35');
INSERT INTO `users` (`id`, `name`, `surname`, `email`, `phone`, `gender`, `birthday`, `hometown`, `photo_id`, `pass`, `created_ad`) VALUES ('30', 'Lonnie', 'Schmeler', 'susan43@example.org', '1', 'f', '1986-12-08', 'Jaymetown', '6', '25deb0a3afb8ad36e5423f54ccd4fcfd', '2011-08-28 23:45:40');
INSERT INTO `users` (`id`, `name`, `surname`, `email`, `phone`, `gender`, `birthday`, `hometown`, `photo_id`, `pass`, `created_ad`) VALUES ('31', 'Haskell', 'Huel', 'nikolaus.emilio@example.net', '0', 'f', '1999-09-29', 'Port Piercemouth', '0', 'b8992dc0392a860363211a274e0b6ebd', '1986-09-08 02:48:16');
INSERT INTO `users` (`id`, `name`, `surname`, `email`, `phone`, `gender`, `birthday`, `hometown`, `photo_id`, `pass`, `created_ad`) VALUES ('32', 'Constance', 'Gutmann', 'tamara.o\'connell@example.net', '447', 'f', '1989-05-22', 'North Lila', '9', '71f70006573c367c6764e252d1a2767e', '2004-05-05 20:53:30');
INSERT INTO `users` (`id`, `name`, `surname`, `email`, `phone`, `gender`, `birthday`, `hometown`, `photo_id`, `pass`, `created_ad`) VALUES ('33', 'Lyric', 'Purdy', 'philip84@example.org', '1', 'm', '1997-03-26', 'Zoieshire', '7', 'bbf524b20bd1066778f54e274d44278c', '2016-03-03 22:04:53');
INSERT INTO `users` (`id`, `name`, `surname`, `email`, `phone`, `gender`, `birthday`, `hometown`, `photo_id`, `pass`, `created_ad`) VALUES ('34', 'Elinor', 'Abernathy', 'leann.hyatt@example.net', '1', 'f', '2008-09-23', 'Lake Ambermouth', '5', '11b99f5ac6ac92a9cc5268cb12d41ce5', '2017-09-02 08:26:23');
INSERT INTO `users` (`id`, `name`, `surname`, `email`, `phone`, `gender`, `birthday`, `hometown`, `photo_id`, `pass`, `created_ad`) VALUES ('35', 'Felicity', 'Dibbert', 'owolf@example.org', '65', 'f', '1990-04-28', 'New Dorrisstad', '8', '6ba1924ae23fd9c4deca88d3618270df', '2007-08-21 07:53:14');
INSERT INTO `users` (`id`, `name`, `surname`, `email`, `phone`, `gender`, `birthday`, `hometown`, `photo_id`, `pass`, `created_ad`) VALUES ('36', 'Maurine', 'Lynch', 'leda77@example.net', '0', 'f', '1970-11-17', 'Murazikside', '2', 'e5c1659c9aeefc6ee28d71456da63134', '1995-05-18 08:37:29');
INSERT INTO `users` (`id`, `name`, `surname`, `email`, `phone`, `gender`, `birthday`, `hometown`, `photo_id`, `pass`, `created_ad`) VALUES ('37', 'Cielo', 'Heidenreich', 'chaz19@example.org', '0', 'f', '1997-08-22', 'South Asa', '3', 'e7b060dc78917b81a0e6c555229e81c6', '2014-03-10 00:13:26');
INSERT INTO `users` (`id`, `name`, `surname`, `email`, `phone`, `gender`, `birthday`, `hometown`, `photo_id`, `pass`, `created_ad`) VALUES ('38', 'Etha', 'Zboncak', 'durgan.jacynthe@example.org', '4039', 'm', '2018-05-31', 'Dayneton', '2', '2b229f92ee2b964edf97c0bf43ed963d', '1987-06-16 02:22:26');
INSERT INTO `users` (`id`, `name`, `surname`, `email`, `phone`, `gender`, `birthday`, `hometown`, `photo_id`, `pass`, `created_ad`) VALUES ('39', 'Aryanna', 'Spinka', 'fgrant@example.org', '45', 'm', '2003-04-02', 'Arvillaview', '6', 'd27931cbfa0fa1763726d0d34bbbcf25', '1986-02-16 12:18:32');
INSERT INTO `users` (`id`, `name`, `surname`, `email`, `phone`, `gender`, `birthday`, `hometown`, `photo_id`, `pass`, `created_ad`) VALUES ('40', 'Braeden', 'Balistreri', 'lexi16@example.net', '784', 'm', '2013-07-10', 'Johnsview', '8', '6ee34d897d87d9c47f8cb14139ccefc2', '1973-09-24 19:08:54');
INSERT INTO `users` (`id`, `name`, `surname`, `email`, `phone`, `gender`, `birthday`, `hometown`, `photo_id`, `pass`, `created_ad`) VALUES ('41', 'Gaylord', 'Littel', 'kathryn07@example.net', '18', 'f', '2003-05-26', 'Aylamouth', '4', 'ab7a84406c7a5cbb9fa52abfd4462c9f', '2002-05-15 12:48:42');
INSERT INTO `users` (`id`, `name`, `surname`, `email`, `phone`, `gender`, `birthday`, `hometown`, `photo_id`, `pass`, `created_ad`) VALUES ('42', 'Ian', 'Cummerata', 'cveum@example.net', '188760236', 'm', '2002-10-16', 'Kossfort', '9', '1b45c1bbfe4e6dff114c9b2c8f63b4de', '2016-02-02 11:59:46');
INSERT INTO `users` (`id`, `name`, `surname`, `email`, `phone`, `gender`, `birthday`, `hometown`, `photo_id`, `pass`, `created_ad`) VALUES ('43', 'Anita', 'Johns', 'qolson@example.com', '0', 'm', '2005-12-18', 'Armandchester', '6', '0e99b1fe022163b92449bf9b24fda1cc', '2019-06-05 16:58:14');
INSERT INTO `users` (`id`, `name`, `surname`, `email`, `phone`, `gender`, `birthday`, `hometown`, `photo_id`, `pass`, `created_ad`) VALUES ('44', 'Jessica', 'Kuhic', 'maia.kuphal@example.com', '729', 'f', '1975-11-27', 'Goldnerstad', '7', 'fbdb67fe61811e44e239faf1a054a5c7', '1974-03-19 00:28:43');
INSERT INTO `users` (`id`, `name`, `surname`, `email`, `phone`, `gender`, `birthday`, `hometown`, `photo_id`, `pass`, `created_ad`) VALUES ('45', 'Name', 'McClure', 'nina.stark@example.net', '0', 'f', '2007-06-21', 'West Travisborough', '4', 'bb08027e9f71adbc8da3d71b8916f5a7', '1983-12-16 22:33:47');
INSERT INTO `users` (`id`, `name`, `surname`, `email`, `phone`, `gender`, `birthday`, `hometown`, `photo_id`, `pass`, `created_ad`) VALUES ('46', 'Julius', 'Jast', 'bailey.nicklaus@example.org', '4172985680', 'f', '1992-08-20', 'West Amos', '6', '8f8a98138575daa09cf4309326ef674b', '1989-12-23 13:07:23');
INSERT INTO `users` (`id`, `name`, `surname`, `email`, `phone`, `gender`, `birthday`, `hometown`, `photo_id`, `pass`, `created_ad`) VALUES ('47', 'Robin', 'Stoltenberg', 'caterina.emmerich@example.org', '6981778126', 'm', '1997-02-25', 'North Sadie', '7', '0059de48a49585eaebb2b9f1ac2942a8', '2009-07-12 16:50:13');
INSERT INTO `users` (`id`, `name`, `surname`, `email`, `phone`, `gender`, `birthday`, `hometown`, `photo_id`, `pass`, `created_ad`) VALUES ('48', 'Abby', 'Moen', 'dboyle@example.net', '0', 'm', '1998-09-08', 'Roobville', '2', 'effef04d16f7bef6c69cad16084c5f8c', '2006-04-22 04:52:09');
INSERT INTO `users` (`id`, `name`, `surname`, `email`, `phone`, `gender`, `birthday`, `hometown`, `photo_id`, `pass`, `created_ad`) VALUES ('49', 'Coby', 'Spinka', 'bartoletti.verla@example.net', '0', 'f', '2001-11-07', 'Thadville', '0', '50a19865002b48f35e2134f793867370', '2016-11-23 20:09:37');
INSERT INTO `users` (`id`, `name`, `surname`, `email`, `phone`, `gender`, `birthday`, `hometown`, `photo_id`, `pass`, `created_ad`) VALUES ('50', 'Fernando', 'Kerluke', 'khermiston@example.net', '518589', 'm', '2020-03-30', 'West Leila', '3', '5214489b564cdd0d5c89b8258426c3f3', '1989-04-02 07:42:26');
INSERT INTO `users` (`id`, `name`, `surname`, `email`, `phone`, `gender`, `birthday`, `hometown`, `photo_id`, `pass`, `created_ad`) VALUES ('51', 'Alfonzo', 'Harris', 'nskiles@example.net', '630568', 'f', '1971-01-15', 'New Mohamed', '7', '749b0ac33078f543925fb5be265b1486', '1993-09-25 13:43:31');
INSERT INTO `users` (`id`, `name`, `surname`, `email`, `phone`, `gender`, `birthday`, `hometown`, `photo_id`, `pass`, `created_ad`) VALUES ('52', 'Adeline', 'Turner', 'sauer.dawn@example.net', '4615155870', 'f', '2003-01-06', 'Johanmouth', '7', 'bcdcf479a5fd9c377191c284c840a0aa', '1977-10-11 04:33:26');
INSERT INTO `users` (`id`, `name`, `surname`, `email`, `phone`, `gender`, `birthday`, `hometown`, `photo_id`, `pass`, `created_ad`) VALUES ('53', 'Maximilian', 'Buckridge', 'nicolas.laney@example.org', '0', 'f', '1985-06-16', 'West Charley', '6', 'fe2ca9a682c72f22ef04136cc7065549', '2007-12-31 22:43:06');
INSERT INTO `users` (`id`, `name`, `surname`, `email`, `phone`, `gender`, `birthday`, `hometown`, `photo_id`, `pass`, `created_ad`) VALUES ('54', 'Nayeli', 'Hagenes', 'tryan@example.com', '615072', 'm', '1989-09-04', 'Haleymouth', '4', '3a6f0ad8fcc2b04d3cb00c3286dbbd3d', '1979-07-10 00:04:35');
INSERT INTO `users` (`id`, `name`, `surname`, `email`, `phone`, `gender`, `birthday`, `hometown`, `photo_id`, `pass`, `created_ad`) VALUES ('55', 'Jessyca', 'Blanda', 'adolf.lehner@example.com', '479', 'm', '2000-10-03', 'South Julian', '2', '6e82354cad8542ed20a0a0bd5be112eb', '2011-08-10 14:42:44');
INSERT INTO `users` (`id`, `name`, `surname`, `email`, `phone`, `gender`, `birthday`, `hometown`, `photo_id`, `pass`, `created_ad`) VALUES ('56', 'Billie', 'Kirlin', 'zabernathy@example.net', '101127', 'f', '2010-12-16', 'Port Valentinmouth', '8', 'df29491864beaaa2aebd396babca4350', '1988-12-05 18:01:13');
INSERT INTO `users` (`id`, `name`, `surname`, `email`, `phone`, `gender`, `birthday`, `hometown`, `photo_id`, `pass`, `created_ad`) VALUES ('57', 'Erick', 'Ebert', 'koby47@example.com', '481', 'm', '2011-01-16', 'New Georgianaland', '2', 'bcac0650d08f6375921cd3f7a889de32', '1986-12-27 02:05:36');
INSERT INTO `users` (`id`, `name`, `surname`, `email`, `phone`, `gender`, `birthday`, `hometown`, `photo_id`, `pass`, `created_ad`) VALUES ('58', 'Serena', 'McDermott', 'russel.derrick@example.net', '25430', 'f', '1995-08-30', 'Satterfieldbury', '5', 'fe7b63f1d168fea6520f74070f651213', '1997-12-31 17:46:56');
INSERT INTO `users` (`id`, `name`, `surname`, `email`, `phone`, `gender`, `birthday`, `hometown`, `photo_id`, `pass`, `created_ad`) VALUES ('59', 'Judd', 'Gutkowski', 'idell.schmitt@example.net', '0', 'f', '2012-10-23', 'Deckowport', '5', 'c29aa3d277abfa1cbb086235a8b0534c', '1972-04-10 16:45:47');
INSERT INTO `users` (`id`, `name`, `surname`, `email`, `phone`, `gender`, `birthday`, `hometown`, `photo_id`, `pass`, `created_ad`) VALUES ('60', 'Gennaro', 'West', 'antone09@example.com', '0', 'm', '1990-01-26', 'Clayfurt', '7', 'cb2becef496983141a62ba2d10ef5c15', '2016-07-15 03:13:39');
INSERT INTO `users` (`id`, `name`, `surname`, `email`, `phone`, `gender`, `birthday`, `hometown`, `photo_id`, `pass`, `created_ad`) VALUES ('61', 'Eldridge', 'McGlynn', 'gleason.veda@example.net', '0', 'm', '2006-09-03', 'Wymanview', '4', '6871f278b38a0a57c18fc5b2a4014747', '1994-01-27 16:47:34');
INSERT INTO `users` (`id`, `name`, `surname`, `email`, `phone`, `gender`, `birthday`, `hometown`, `photo_id`, `pass`, `created_ad`) VALUES ('62', 'Rocky', 'Bayer', 'gcorwin@example.org', '1741709187', 'm', '1989-12-08', 'Lake Sage', '7', 'a3b2eecba3eacf3b059e6830027cf0f6', '2013-05-17 01:15:26');
INSERT INTO `users` (`id`, `name`, `surname`, `email`, `phone`, `gender`, `birthday`, `hometown`, `photo_id`, `pass`, `created_ad`) VALUES ('63', 'Paris', 'Flatley', 'alford23@example.org', '0', 'f', '1974-11-21', 'Port Shakirashire', '8', '2c045173dacf3cc9e62c14eaa0470ad4', '1992-03-19 14:00:44');
INSERT INTO `users` (`id`, `name`, `surname`, `email`, `phone`, `gender`, `birthday`, `hometown`, `photo_id`, `pass`, `created_ad`) VALUES ('64', 'Alva', 'Klocko', 'turner67@example.com', '994', 'f', '2006-01-29', 'Port Obie', '3', '90d7bd444cdef67bb8c978571f02cbb3', '1997-04-12 10:05:09');
INSERT INTO `users` (`id`, `name`, `surname`, `email`, `phone`, `gender`, `birthday`, `hometown`, `photo_id`, `pass`, `created_ad`) VALUES ('65', 'Dusty', 'Dach', 'wmante@example.org', '3900408579', 'm', '2010-07-23', 'Tessside', '0', '808ad7fe3e1d68223875dfa0d997343b', '1998-07-07 02:27:37');
INSERT INTO `users` (`id`, `name`, `surname`, `email`, `phone`, `gender`, `birthday`, `hometown`, `photo_id`, `pass`, `created_ad`) VALUES ('66', 'Peggie', 'D\'Amore', 'marielle97@example.org', '1', 'm', '2018-05-05', 'Port Timmothyland', '8', '5598bca7e092148e5b996547a2efdebf', '1994-02-26 16:25:58');
INSERT INTO `users` (`id`, `name`, `surname`, `email`, `phone`, `gender`, `birthday`, `hometown`, `photo_id`, `pass`, `created_ad`) VALUES ('67', 'Mariam', 'Terry', 'gottlieb.hailey@example.net', '1', 'm', '2009-06-20', 'Port Larue', '7', '57ae5cdfd4c07fe4afe91798f0386dc9', '2014-12-31 09:44:22');
INSERT INTO `users` (`id`, `name`, `surname`, `email`, `phone`, `gender`, `birthday`, `hometown`, `photo_id`, `pass`, `created_ad`) VALUES ('68', 'Carlo', 'Jakubowski', 'bogisich.orval@example.org', '737543', 'm', '2016-08-26', 'Delbertberg', '0', '1cd0dc43faa137e11969aa5e65206f11', '1988-07-15 18:47:24');
INSERT INTO `users` (`id`, `name`, `surname`, `email`, `phone`, `gender`, `birthday`, `hometown`, `photo_id`, `pass`, `created_ad`) VALUES ('69', 'Viola', 'Wilkinson', 'whilll@example.org', '374', 'f', '1978-02-23', 'Odessastad', '0', '3ec24e35efb93088cacc3ac86a8ea623', '1986-01-25 20:16:54');
INSERT INTO `users` (`id`, `name`, `surname`, `email`, `phone`, `gender`, `birthday`, `hometown`, `photo_id`, `pass`, `created_ad`) VALUES ('70', 'Princess', 'Dickens', 'jamie70@example.net', '65868', 'm', '2006-10-13', 'South Ricardoview', '6', '5051faad5d59c61adf581112f41cfea4', '1984-03-17 00:48:54');
INSERT INTO `users` (`id`, `name`, `surname`, `email`, `phone`, `gender`, `birthday`, `hometown`, `photo_id`, `pass`, `created_ad`) VALUES ('71', 'Rickie', 'McKenzie', 'vmcglynn@example.net', '702583', 'f', '2019-10-12', 'Eichmannview', '7', '4b7453f0991fc6e9882369b2c56b5434', '1997-07-27 14:23:22');
INSERT INTO `users` (`id`, `name`, `surname`, `email`, `phone`, `gender`, `birthday`, `hometown`, `photo_id`, `pass`, `created_ad`) VALUES ('72', 'Gordon', 'Schinner', 'nayeli.gerhold@example.org', '1', 'f', '2006-11-24', 'Port Matt', '2', '3906a0abd886b7124588a3b09e48443e', '2012-06-09 15:48:37');
INSERT INTO `users` (`id`, `name`, `surname`, `email`, `phone`, `gender`, `birthday`, `hometown`, `photo_id`, `pass`, `created_ad`) VALUES ('73', 'Barbara', 'Beahan', 'jyundt@example.com', '92824', 'f', '1976-10-19', 'South Salmaville', '1', '3cb930a6fa614994c78349e8e83d8f29', '1982-01-21 02:55:34');
INSERT INTO `users` (`id`, `name`, `surname`, `email`, `phone`, `gender`, `birthday`, `hometown`, `photo_id`, `pass`, `created_ad`) VALUES ('74', 'Alyce', 'Stoltenberg', 'hahn.alicia@example.net', '803481', 'm', '1973-05-20', 'Port Judsonport', '3', '2970abf907f9e3065b866cfb3133973c', '1989-06-01 20:40:27');
INSERT INTO `users` (`id`, `name`, `surname`, `email`, `phone`, `gender`, `birthday`, `hometown`, `photo_id`, `pass`, `created_ad`) VALUES ('75', 'Catharine', 'Haley', 'rsanford@example.net', '0', 'm', '1995-09-23', 'Evietown', '9', '0fc3c3474b56a68a472dc2e7d002190e', '2016-03-10 16:53:32');
INSERT INTO `users` (`id`, `name`, `surname`, `email`, `phone`, `gender`, `birthday`, `hometown`, `photo_id`, `pass`, `created_ad`) VALUES ('76', 'Armand', 'Sipes', 'mlowe@example.com', '64203', 'f', '2004-05-22', 'Muellerstad', '3', 'b38c3e0e102d54ea7d44603e5c063090', '1972-07-29 23:47:14');
INSERT INTO `users` (`id`, `name`, `surname`, `email`, `phone`, `gender`, `birthday`, `hometown`, `photo_id`, `pass`, `created_ad`) VALUES ('77', 'Bernita', 'Prosacco', 'casper74@example.com', '777286', 'm', '1987-11-20', 'South Laneyberg', '5', 'e0f1178e85fbf4d1bdc9ce4cd0e9e03e', '1981-10-18 12:41:01');
INSERT INTO `users` (`id`, `name`, `surname`, `email`, `phone`, `gender`, `birthday`, `hometown`, `photo_id`, `pass`, `created_ad`) VALUES ('78', 'Gisselle', 'Sporer', 'pollich.skyla@example.org', '524610', 'f', '1996-12-09', 'East Erica', '5', 'ab61d771d77af680d7e921b6134e1260', '1985-12-18 23:11:19');
INSERT INTO `users` (`id`, `name`, `surname`, `email`, `phone`, `gender`, `birthday`, `hometown`, `photo_id`, `pass`, `created_ad`) VALUES ('79', 'Jerrell', 'Hermiston', 'arunolfsdottir@example.com', '743', 'f', '2010-02-26', 'South Wilfredstad', '3', 'a987efb39600eb2182d3693c090e36b5', '2005-12-19 04:43:18');
INSERT INTO `users` (`id`, `name`, `surname`, `email`, `phone`, `gender`, `birthday`, `hometown`, `photo_id`, `pass`, `created_ad`) VALUES ('80', 'Nathen', 'Kris', 'shammes@example.org', '1', 'm', '2013-07-18', 'Cassinton', '1', '4c98d0e42a9fdbb09d4600be7f0d01f9', '2013-02-10 20:36:58');
INSERT INTO `users` (`id`, `name`, `surname`, `email`, `phone`, `gender`, `birthday`, `hometown`, `photo_id`, `pass`, `created_ad`) VALUES ('81', 'Josianne', 'Monahan', 'ransom.osinski@example.com', '0', 'f', '1984-02-13', 'New Madisonfort', '1', '6e0c68312e8e23881a7a5d14996f5f73', '1979-07-16 19:01:52');
INSERT INTO `users` (`id`, `name`, `surname`, `email`, `phone`, `gender`, `birthday`, `hometown`, `photo_id`, `pass`, `created_ad`) VALUES ('82', 'Dawson', 'Muller', 'farmstrong@example.com', '0', 'f', '1991-05-08', 'Lake Aliville', '4', '9388333f999194c5f74f13bb25b786e2', '2008-03-09 06:23:05');
INSERT INTO `users` (`id`, `name`, `surname`, `email`, `phone`, `gender`, `birthday`, `hometown`, `photo_id`, `pass`, `created_ad`) VALUES ('83', 'Dalton', 'Cremin', 'jaylon79@example.org', '64916', 'f', '1983-09-11', 'South Dakota', '6', '04e229bcf20dd6585788f8f8559fed9d', '2006-08-30 20:14:14');
INSERT INTO `users` (`id`, `name`, `surname`, `email`, `phone`, `gender`, `birthday`, `hometown`, `photo_id`, `pass`, `created_ad`) VALUES ('84', 'Shyann', 'Bode', 'pierre90@example.org', '1', 'm', '2014-03-01', 'West Lavina', '0', '6b82f686b4fad3732203154bfb634a93', '2001-03-03 21:15:19');
INSERT INTO `users` (`id`, `name`, `surname`, `email`, `phone`, `gender`, `birthday`, `hometown`, `photo_id`, `pass`, `created_ad`) VALUES ('85', 'Sigrid', 'Swift', 'sipes.joanne@example.com', '404', 'm', '1999-10-09', 'South Annabury', '8', '3c4fad6b7b9a0c24786737264795a843', '1991-01-07 20:11:49');
INSERT INTO `users` (`id`, `name`, `surname`, `email`, `phone`, `gender`, `birthday`, `hometown`, `photo_id`, `pass`, `created_ad`) VALUES ('86', 'Jalyn', 'Mertz', 'llarkin@example.com', '5824274308', 'm', '1998-10-17', 'Bogisichhaven', '6', '6f937ecb50e4b7579032f2afe3803e05', '2010-09-06 06:18:10');
INSERT INTO `users` (`id`, `name`, `surname`, `email`, `phone`, `gender`, `birthday`, `hometown`, `photo_id`, `pass`, `created_ad`) VALUES ('87', 'Beatrice', 'Goldner', 'krista.wyman@example.com', '362101', 'm', '2008-10-24', 'South Kristoffer', '8', '506b79bb7150a22804feab41e7d15f32', '1992-03-29 06:00:36');
INSERT INTO `users` (`id`, `name`, `surname`, `email`, `phone`, `gender`, `birthday`, `hometown`, `photo_id`, `pass`, `created_ad`) VALUES ('88', 'Augustus', 'Casper', 'cankunding@example.org', '0', 'm', '1974-04-11', 'East Amber', '4', 'd9abe1a39f96b63706980436240ec51b', '1994-12-06 16:47:37');
INSERT INTO `users` (`id`, `name`, `surname`, `email`, `phone`, `gender`, `birthday`, `hometown`, `photo_id`, `pass`, `created_ad`) VALUES ('89', 'Chauncey', 'White', 'fay.klocko@example.org', '0', 'm', '1970-01-08', 'Langfort', '6', 'b618ecfc4348c5ae5ea12499191eaf83', '1973-08-15 08:34:44');
INSERT INTO `users` (`id`, `name`, `surname`, `email`, `phone`, `gender`, `birthday`, `hometown`, `photo_id`, `pass`, `created_ad`) VALUES ('90', 'Paige', 'Block', 'alexie.kshlerin@example.com', '534', 'f', '1975-01-15', 'Port Marisaborough', '2', 'be22b9bdad3801eb0f5c0df60c369dc1', '1970-10-03 07:48:35');
INSERT INTO `users` (`id`, `name`, `surname`, `email`, `phone`, `gender`, `birthday`, `hometown`, `photo_id`, `pass`, `created_ad`) VALUES ('91', 'Selmer', 'Homenick', 'trycia.howe@example.com', '1', 'm', '2001-06-14', 'Pagacport', '8', '78cd91a7699875c1c4ca2abd17e0f23d', '1997-01-15 05:21:28');
INSERT INTO `users` (`id`, `name`, `surname`, `email`, `phone`, `gender`, `birthday`, `hometown`, `photo_id`, `pass`, `created_ad`) VALUES ('92', 'Isai', 'Schamberger', 'ron73@example.net', '623', 'm', '1989-02-28', 'Meghanburgh', '5', '507ce10bf6f405086157ea06288516f0', '1976-06-01 13:25:47');
INSERT INTO `users` (`id`, `name`, `surname`, `email`, `phone`, `gender`, `birthday`, `hometown`, `photo_id`, `pass`, `created_ad`) VALUES ('93', 'Carole', 'Rosenbaum', 'jarod.brown@example.com', '85', 'f', '2008-06-25', 'West Bennybury', '2', '6cfce6acd3c5f98a71af8cd247692363', '2006-08-24 03:22:48');
INSERT INTO `users` (`id`, `name`, `surname`, `email`, `phone`, `gender`, `birthday`, `hometown`, `photo_id`, `pass`, `created_ad`) VALUES ('94', 'Carolanne', 'Mayert', 'gregg.gerhold@example.org', '25454', 'm', '1988-12-20', 'West Stone', '4', '84d58d053fa73d51853020dd1ba30567', '2007-02-18 08:05:21');
INSERT INTO `users` (`id`, `name`, `surname`, `email`, `phone`, `gender`, `birthday`, `hometown`, `photo_id`, `pass`, `created_ad`) VALUES ('95', 'Matt', 'Pollich', 'lkassulke@example.com', '481640', 'm', '2019-01-16', 'Gottliebland', '6', '0d8da63640e8c1da7b125b33d42050bb', '2005-01-03 14:27:26');
INSERT INTO `users` (`id`, `name`, `surname`, `email`, `phone`, `gender`, `birthday`, `hometown`, `photo_id`, `pass`, `created_ad`) VALUES ('96', 'Rhianna', 'Mann', 'erdman.roger@example.net', '196', 'f', '1986-11-30', 'South Idellafort', '4', '1d4ad795ddcac9d3c4d644f28ded447c', '1982-01-15 19:11:30');
INSERT INTO `users` (`id`, `name`, `surname`, `email`, `phone`, `gender`, `birthday`, `hometown`, `photo_id`, `pass`, `created_ad`) VALUES ('97', 'Filomena', 'Goldner', 'feeney.maybell@example.com', '128', 'm', '2013-06-21', 'Hauckfort', '8', '604e15d7b69fdaf29db5422a5a8dcbed', '1992-09-30 10:55:12');
INSERT INTO `users` (`id`, `name`, `surname`, `email`, `phone`, `gender`, `birthday`, `hometown`, `photo_id`, `pass`, `created_ad`) VALUES ('98', 'Susanna', 'Turner', 'noble94@example.com', '891632', 'f', '1981-09-09', 'Ellsworthland', '6', '99956393abc0187155e536822201e70b', '1979-12-21 06:44:39');
INSERT INTO `users` (`id`, `name`, `surname`, `email`, `phone`, `gender`, `birthday`, `hometown`, `photo_id`, `pass`, `created_ad`) VALUES ('99', 'Faye', 'Terry', 'rempel.wade@example.com', '827523', 'f', '2004-05-06', 'Lake Woodrow', '6', 'ee43499e31cd619d754480e693bfa028', '1982-10-11 07:09:50');
INSERT INTO `users` (`id`, `name`, `surname`, `email`, `phone`, `gender`, `birthday`, `hometown`, `photo_id`, `pass`, `created_ad`) VALUES ('100', 'Macy', 'Leannon', 'graham39@example.net', '1', 'm', '1992-05-26', 'Sylvestershire', '3', '689957626a1f017f98e4109681a322f7', '1996-01-28 17:50:38');


#
# TABLE STRUCTURE FOR: users_communities
#

DROP TABLE IF EXISTS `users_communities`;

CREATE TABLE `users_communities` (
  `user_id` bigint(20) unsigned NOT NULL,
  `community_id` bigint(20) unsigned NOT NULL,
  `is_admin` tinyint(1) DEFAULT 0,
  PRIMARY KEY (`user_id`,`community_id`),
  KEY `community_id` (`community_id`),
  CONSTRAINT `users_communities_ibfk_1` FOREIGN KEY (`user_id`) REFERENCES `users` (`id`),
  CONSTRAINT `users_communities_ibfk_2` FOREIGN KEY (`community_id`) REFERENCES `communities` (`id`)
) ENGINE=InnoDB DEFAULT CHARSET=utf8 COLLATE=utf8_unicode_ci;

INSERT INTO `users_communities` (`user_id`, `community_id`, `is_admin`) VALUES ('2', '17', 1);
INSERT INTO `users_communities` (`user_id`, `community_id`, `is_admin`) VALUES ('3', '4', 1);
INSERT INTO `users_communities` (`user_id`, `community_id`, `is_admin`) VALUES ('4', '18', 0);
INSERT INTO `users_communities` (`user_id`, `community_id`, `is_admin`) VALUES ('4', '19', 1);
INSERT INTO `users_communities` (`user_id`, `community_id`, `is_admin`) VALUES ('5', '11', 0);
INSERT INTO `users_communities` (`user_id`, `community_id`, `is_admin`) VALUES ('8', '20', 1);
INSERT INTO `users_communities` (`user_id`, `community_id`, `is_admin`) VALUES ('9', '9', 1);
INSERT INTO `users_communities` (`user_id`, `community_id`, `is_admin`) VALUES ('12', '4', 0);
INSERT INTO `users_communities` (`user_id`, `community_id`, `is_admin`) VALUES ('13', '16', 0);
INSERT INTO `users_communities` (`user_id`, `community_id`, `is_admin`) VALUES ('14', '10', 1);
INSERT INTO `users_communities` (`user_id`, `community_id`, `is_admin`) VALUES ('15', '6', 1);
INSERT INTO `users_communities` (`user_id`, `community_id`, `is_admin`) VALUES ('15', '19', 0);
INSERT INTO `users_communities` (`user_id`, `community_id`, `is_admin`) VALUES ('16', '2', 0);
INSERT INTO `users_communities` (`user_id`, `community_id`, `is_admin`) VALUES ('17', '6', 1);
INSERT INTO `users_communities` (`user_id`, `community_id`, `is_admin`) VALUES ('17', '7', 1);
INSERT INTO `users_communities` (`user_id`, `community_id`, `is_admin`) VALUES ('20', '16', 1);
INSERT INTO `users_communities` (`user_id`, `community_id`, `is_admin`) VALUES ('21', '20', 1);
INSERT INTO `users_communities` (`user_id`, `community_id`, `is_admin`) VALUES ('22', '12', 1);
INSERT INTO `users_communities` (`user_id`, `community_id`, `is_admin`) VALUES ('23', '1', 1);
INSERT INTO `users_communities` (`user_id`, `community_id`, `is_admin`) VALUES ('26', '5', 0);
INSERT INTO `users_communities` (`user_id`, `community_id`, `is_admin`) VALUES ('26', '19', 0);
INSERT INTO `users_communities` (`user_id`, `community_id`, `is_admin`) VALUES ('27', '6', 0);
INSERT INTO `users_communities` (`user_id`, `community_id`, `is_admin`) VALUES ('27', '9', 1);
INSERT INTO `users_communities` (`user_id`, `community_id`, `is_admin`) VALUES ('29', '3', 0);
INSERT INTO `users_communities` (`user_id`, `community_id`, `is_admin`) VALUES ('29', '13', 0);
INSERT INTO `users_communities` (`user_id`, `community_id`, `is_admin`) VALUES ('31', '10', 1);
INSERT INTO `users_communities` (`user_id`, `community_id`, `is_admin`) VALUES ('31', '19', 1);
INSERT INTO `users_communities` (`user_id`, `community_id`, `is_admin`) VALUES ('32', '10', 1);
INSERT INTO `users_communities` (`user_id`, `community_id`, `is_admin`) VALUES ('32', '20', 0);
INSERT INTO `users_communities` (`user_id`, `community_id`, `is_admin`) VALUES ('33', '14', 0);
INSERT INTO `users_communities` (`user_id`, `community_id`, `is_admin`) VALUES ('33', '18', 0);
INSERT INTO `users_communities` (`user_id`, `community_id`, `is_admin`) VALUES ('34', '9', 1);
INSERT INTO `users_communities` (`user_id`, `community_id`, `is_admin`) VALUES ('36', '2', 1);
INSERT INTO `users_communities` (`user_id`, `community_id`, `is_admin`) VALUES ('36', '5', 0);
INSERT INTO `users_communities` (`user_id`, `community_id`, `is_admin`) VALUES ('36', '6', 0);
INSERT INTO `users_communities` (`user_id`, `community_id`, `is_admin`) VALUES ('36', '15', 0);
INSERT INTO `users_communities` (`user_id`, `community_id`, `is_admin`) VALUES ('38', '5', 0);
INSERT INTO `users_communities` (`user_id`, `community_id`, `is_admin`) VALUES ('38', '16', 0);
INSERT INTO `users_communities` (`user_id`, `community_id`, `is_admin`) VALUES ('39', '4', 1);
INSERT INTO `users_communities` (`user_id`, `community_id`, `is_admin`) VALUES ('40', '18', 0);
INSERT INTO `users_communities` (`user_id`, `community_id`, `is_admin`) VALUES ('42', '17', 0);
INSERT INTO `users_communities` (`user_id`, `community_id`, `is_admin`) VALUES ('45', '11', 1);
INSERT INTO `users_communities` (`user_id`, `community_id`, `is_admin`) VALUES ('47', '18', 1);
INSERT INTO `users_communities` (`user_id`, `community_id`, `is_admin`) VALUES ('48', '5', 0);
INSERT INTO `users_communities` (`user_id`, `community_id`, `is_admin`) VALUES ('48', '9', 1);
INSERT INTO `users_communities` (`user_id`, `community_id`, `is_admin`) VALUES ('48', '18', 0);
INSERT INTO `users_communities` (`user_id`, `community_id`, `is_admin`) VALUES ('48', '19', 0);
INSERT INTO `users_communities` (`user_id`, `community_id`, `is_admin`) VALUES ('48', '20', 1);
INSERT INTO `users_communities` (`user_id`, `community_id`, `is_admin`) VALUES ('49', '18', 0);
INSERT INTO `users_communities` (`user_id`, `community_id`, `is_admin`) VALUES ('50', '11', 1);
INSERT INTO `users_communities` (`user_id`, `community_id`, `is_admin`) VALUES ('50', '18', 1);
INSERT INTO `users_communities` (`user_id`, `community_id`, `is_admin`) VALUES ('53', '5', 1);
INSERT INTO `users_communities` (`user_id`, `community_id`, `is_admin`) VALUES ('53', '7', 0);
INSERT INTO `users_communities` (`user_id`, `community_id`, `is_admin`) VALUES ('53', '16', 0);
INSERT INTO `users_communities` (`user_id`, `community_id`, `is_admin`) VALUES ('55', '20', 1);
INSERT INTO `users_communities` (`user_id`, `community_id`, `is_admin`) VALUES ('57', '11', 1);
INSERT INTO `users_communities` (`user_id`, `community_id`, `is_admin`) VALUES ('57', '12', 1);
INSERT INTO `users_communities` (`user_id`, `community_id`, `is_admin`) VALUES ('58', '5', 0);
INSERT INTO `users_communities` (`user_id`, `community_id`, `is_admin`) VALUES ('61', '3', 0);
INSERT INTO `users_communities` (`user_id`, `community_id`, `is_admin`) VALUES ('61', '14', 0);
INSERT INTO `users_communities` (`user_id`, `community_id`, `is_admin`) VALUES ('64', '9', 0);
INSERT INTO `users_communities` (`user_id`, `community_id`, `is_admin`) VALUES ('68', '15', 0);
INSERT INTO `users_communities` (`user_id`, `community_id`, `is_admin`) VALUES ('70', '15', 1);
INSERT INTO `users_communities` (`user_id`, `community_id`, `is_admin`) VALUES ('70', '18', 0);
INSERT INTO `users_communities` (`user_id`, `community_id`, `is_admin`) VALUES ('71', '14', 0);
INSERT INTO `users_communities` (`user_id`, `community_id`, `is_admin`) VALUES ('72', '3', 1);
INSERT INTO `users_communities` (`user_id`, `community_id`, `is_admin`) VALUES ('73', '7', 1);
INSERT INTO `users_communities` (`user_id`, `community_id`, `is_admin`) VALUES ('73', '12', 0);
INSERT INTO `users_communities` (`user_id`, `community_id`, `is_admin`) VALUES ('76', '15', 1);
INSERT INTO `users_communities` (`user_id`, `community_id`, `is_admin`) VALUES ('77', '2', 0);
INSERT INTO `users_communities` (`user_id`, `community_id`, `is_admin`) VALUES ('77', '17', 0);
INSERT INTO `users_communities` (`user_id`, `community_id`, `is_admin`) VALUES ('78', '4', 1);
INSERT INTO `users_communities` (`user_id`, `community_id`, `is_admin`) VALUES ('80', '15', 1);
INSERT INTO `users_communities` (`user_id`, `community_id`, `is_admin`) VALUES ('81', '4', 0);
INSERT INTO `users_communities` (`user_id`, `community_id`, `is_admin`) VALUES ('81', '13', 0);
INSERT INTO `users_communities` (`user_id`, `community_id`, `is_admin`) VALUES ('83', '7', 0);
INSERT INTO `users_communities` (`user_id`, `community_id`, `is_admin`) VALUES ('85', '4', 1);
INSERT INTO `users_communities` (`user_id`, `community_id`, `is_admin`) VALUES ('85', '13', 0);
INSERT INTO `users_communities` (`user_id`, `community_id`, `is_admin`) VALUES ('86', '4', 1);
INSERT INTO `users_communities` (`user_id`, `community_id`, `is_admin`) VALUES ('87', '6', 0);
INSERT INTO `users_communities` (`user_id`, `community_id`, `is_admin`) VALUES ('87', '9', 1);
INSERT INTO `users_communities` (`user_id`, `community_id`, `is_admin`) VALUES ('88', '2', 1);
INSERT INTO `users_communities` (`user_id`, `community_id`, `is_admin`) VALUES ('89', '18', 0);
INSERT INTO `users_communities` (`user_id`, `community_id`, `is_admin`) VALUES ('90', '8', 0);
INSERT INTO `users_communities` (`user_id`, `community_id`, `is_admin`) VALUES ('90', '16', 1);
INSERT INTO `users_communities` (`user_id`, `community_id`, `is_admin`) VALUES ('91', '6', 1);
INSERT INTO `users_communities` (`user_id`, `community_id`, `is_admin`) VALUES ('91', '20', 0);
INSERT INTO `users_communities` (`user_id`, `community_id`, `is_admin`) VALUES ('92', '9', 0);
INSERT INTO `users_communities` (`user_id`, `community_id`, `is_admin`) VALUES ('92', '17', 1);
INSERT INTO `users_communities` (`user_id`, `community_id`, `is_admin`) VALUES ('93', '10', 0);
INSERT INTO `users_communities` (`user_id`, `community_id`, `is_admin`) VALUES ('94', '13', 1);
INSERT INTO `users_communities` (`user_id`, `community_id`, `is_admin`) VALUES ('96', '11', 1);
INSERT INTO `users_communities` (`user_id`, `community_id`, `is_admin`) VALUES ('97', '1', 1);
INSERT INTO `users_communities` (`user_id`, `community_id`, `is_admin`) VALUES ('99', '2', 0);
INSERT INTO `users_communities` (`user_id`, `community_id`, `is_admin`) VALUES ('99', '15', 1);
INSERT INTO `users_communities` (`user_id`, `community_id`, `is_admin`) VALUES ('99', '17', 0);


